PROVINCIA;MUNICIPIO;ESTACION;MAGNITUD;PUNTO_MUESTREO;ANNO;MES;D01;D02;D03;D04;D05;D06;D07;D08;D09;D10;D11;D12;D13;D14;D15;D16;D17;D18;D19;D20;D21;D22;D23;D24;D25;D26;D27;D28;D29;D30;D31
3;65;7;27;03065007_27_M;2015;1;;;;;;;;;;;;;;;;;;0.73;0.13;;;;;;;;0.14;;;;
3;14;6;27;03014006_27_M;2015;1;;0.34;;;;;;;;0.42;;;;;;;;0.16;0.12;;;;;;;0.19;;;;;
46;220;9;27;46220009_27_M;2015;1;;0.33;;;0.0;;;;;0.37;;;;;;;;0.22;0.13;;;;;;;;0.14;0.15;;;
6;83;1;27;06083001_27_M;2015;1;;;;;;;;;;;;0.05;;;;;;;;;;0.01;;;;;;;;;
10;37;1;27;10037001_27_M;2015;1;;;;;;;;;;;;;;;;0.03;;;;;;;;;;;;;;;
6;15;1;27;06015001_27_M;2015;1;;;;;;;;;;;;;;;;0.01;;;;;;;;;;;;;;;
12;40;15;27;12040015_27_M;2015;3;;;;;;;;0.04;0.1;;;;;;;;0.04;;;;;;;;0.04;;;;;;
46;17;2;27;46017002_27_M;2015;3;0.1;0.09;;;;;;;;0.16;;;;;;;;0.04;;;;;;;;0.04;;;;;
12;32;5;27;12032005_27_M;2015;3;;;;;;;;0.04;0.19;;;;;;;;;;;;;;;;;;;;;;
46;220;9;27;46220009_27_M;2015;3;;;;;;;;0.08;0.11;;;;;;;;0.04;;;;;;;;0.04;;;;;;
46;17;2;27;46017002_27_M;2015;2;;;;0.04;;;;;;;;0.14;;;;;;;;;0.14;;;;;;;;;;
46;250;50;27;46250050_27_M;2015;2;;;;0.11;;;;;;;;0.26;;;;;;;;0.16;;;;;;;;0.13;;;
46;190;5;27;46190005_27_M;2015;2;;;;0.04;;;;;;;;0.43;;;;;;;;0.19;;;;;;;;0.12;;;
3;9;6;27;03009006_27_M;2015;2;;;;0.04;;;;;;;;0.13;;;;;;;;;0.04;;;;;;;;;;
12;40;15;27;12040015_27_M;2015;2;;;;0.04;;;;;;;;0.11;;;;;;;;0.1;;;;;;;;0.04;;;
46;131;2;27;46131002_27_M;2015;2;;;;0.13;;;;;;;;0.23;;;;;;;;;0.19;;;;;;;;;;
12;32;5;27;12032005_27_M;2015;2;;;;;;;;;;;0.23;;;;;;;;;;;;;;;;;0.11;;;
3;14;6;27;03014006_27_M;2015;2;;;;;;;;;;;;0.15;;;;;;;;;0.09;;;;;;;;;;
3;65;7;27;03065007_27_M;2015;2;;;;0.0;;;;;;;;;;;;;;;;;0.13;;;;;;;;;;
46;220;9;27;46220009_27_M;2015;2;;;;;0.04;;;;;;;0.28;;;;;;;;0.15;;;;;;;;0.08;;;
3;65;6;27;03065006_27_M;2015;2;;;;0.04;;;;;;;;0.14;;;;;;;;;0.14;;;;;;;;;;
46;17;2;27;46017002_27_M;2015;1;;0.26;;;;;;;;0.32;;;;;;;;0.22;0.19;;;;;;;;0.61;;;;
3;9;6;27;03009006_27_M;2015;1;;0.18;;;;;;;;0.17;;;;;;;;0.09;;;;;;;;;0.15;;;;
12;32;5;27;12032005_27_M;2015;1;;0.27;;;;;;;;0.59;;;0.28;0.23;;;;;;;;;;;;;0.29;;;;
46;190;5;27;46190005_27_M;2015;1;;0.45;;;;;;;;;;;;;;;;;;;;;;;;;;;;;
3;65;6;27;03065006_27_M;2015;1;;0.44;;;;;;;;0.41;;;;;;;;0.29;0.11;;;;;;;;0.15;;;;
12;40;15;27;12040015_27_M;2015;1;;0.53;;;;;;;;0.38;;;;;;;;0.08;0.04;;;;;;;;0.08;;;;
46;131;2;27;46131002_27_M;2015;1;;0.49;;;;;;;;1.07;;;;;;;;0.51;2.06;;;;;;;;4.6;;;;
46;250;50;27;46250050_27_M;2015;1;;0.66;;;;;;;;0.53;;;;;;;;0.16;0.34;;;;;;;;0.28;;;;
8;19;28;27;08019028_27_M;2015;3;;0.16;;0.19;;;0.14;;0.18;;0.3;;;0.08;;0.14;;0.08;;;0.05;;0.08;;0.12;;;0.1;;0.1;
8;19;45;27;08019045_27_M;2015;3;;0.05;;0.1;;;0.08;;0.09;;0.17;;;0.05;;0.05;;0.05;;;0.05;;0.05;;0.05;;;0.05;;;
8;19;54;27;08019054_27_M;2015;3;;0.05;;0.09;;;0.07;;0.09;;0.11;;;0.06;;0.07;;0.05;;;0.05;;0.05;;0.06;;;;;;
8;19;55;27;08019055_27_M;2015;3;;0.06;;0.16;;;0.08;;0.15;;0.17;;;0.05;;0.08;;0.05;;;0.05;;0.05;;0.05;;;;;0.05;
8;19;4;27;08019004_27_M;2015;3;;0.07;;0.22;;;0.12;;0.2;;0.19;;;0.09;;0.39;;0.05;;;0.05;;0.05;;0.06;;;0.07;;0.05;
8;19;42;27;08019042_27_M;2015;3;;0.05;;;;;;;;;;;;;0.06;0.05;;0.05;;;0.05;;0.05;;0.05;;;0.05;;0.05;
8;19;43;27;08019043_27_M;2015;3;;0.16;;0.2;;;0.17;;0.15;;0.41;;;0.08;;0.13;;0.1;;;0.06;;0.1;;;;;0.1;;0.16;
8;19;44;27;08019044_27_M;2015;3;;0.05;;0.12;;;0.15;;0.18;;0.42;;;0.08;;0.08;;0.05;;;0.05;;0.05;;0.15;;;0.08;;0.08;
8;19;53;27;08019053_27_M;2015;3;;0.05;;0.06;;0.06;;0.1;;0.06;;0.05;;0.05;;0.06;;0.05;;0.05;;0.05;;0.05;;;;;;;
25;51;1;27;25051001_27_M;2015;3;;;;;;;1.24;;0.36;;;;;;;;;;;;0.14;;0.14;;;;;;;;
8;22;6;27;08022006_27_M;2015;3;;;0.14;;;;;;;;0.18;;;;;;0.14;;;;;;;;0.26;;;;;;
17;22;2;27;17022002_27_M;2015;3;;;;;0.14;;;;;;0.4;;;;;;;;0.42;;;;;;;;0.22;;;;
43;47;1;27;43047001_27_M;2015;3;;;;0.14;;;;;;;;0.14;;;;;;0.14;;;;;;;;;;0.14;;0.14;
8;96;14;27;08096014_27_M;2015;3;;;;;;;;;;;0.45;;;;;0.23;;;;;;;;;0.15;0.14;;;;0.18;
8;102;5;27;08102005_27_M;2015;3;;;;;;0.18;;;;;;0.07;;;;;;;;;0.06;;;;0.06;;;;;;0.07
25;120;1;27;25120001_27_M;2015;3;;;;;;0.43;;;;0.46;;;;;;;;;;0.29;;;;0.14;;;;;;0.14;
8;112;3;27;08112003_27_M;2015;3;;;;;0.46;;;;1.67;;;;;;;;0.32;;;;;;0.19;;;;;;;0.14;
8;125;12;27;08125012_27_M;2015;3;;;;;0.38;;;;;;;;0.06;;;0.49;;;;;;;;0.06;;;;;;;
8;202;1;27;08202001_27_M;2015;3;;;;;0.61;;;;;0.29;;;;;;;;;;0.08;;;;;;0.24;;;;0.18;
43;44;3;27;43044003_27_M;2015;3;;;0.14;;;;0.14;;;;;;0.14;;;;;;;0.14;;;0.14;;;;;;;;0.14
8;282;1;27;08282001_27_M;2015;3;;;;;0.14;;;;;;;;;;0.14;0.14;;;;;;;;0.14;;;;;;;
8;307;6;27;08307006_27_M;2015;3;;;;;;0.1;;;0.12;;;;;;;;;;;0.06;;;;;0.07;;;;;;
8;19;28;27;08019028_27_M;2015;4;0.05;;;0.05;;;;0.05;;;0.07;;0.15;;0.15;;;0.06;;0.07;;0.11;;;0.05;;0.05;;0.05;;
8;19;45;27;08019045_27_M;2015;4;0.05;;;0.05;;0.05;;0.05;;;0.05;;0.08;;0.05;;;0.05;;0.05;;0.05;;;0.05;;0.05;;0.05;;
8;19;54;27;08019054_27_M;2015;4;0.05;;;0.05;;0.05;;0.05;;;0.05;;0.08;;0.05;;;0.05;;0.05;;0.05;;;0.05;;;;0.05;;
8;19;55;27;08019055_27_M;2015;4;0.05;;;0.05;;0.05;;0.06;;;0.05;;0.05;;0.05;;;0.05;;0.05;;0.05;;;0.05;;0.05;;0.05;;
8;19;4;27;08019004_27_M;2015;4;0.05;;;0.05;;0.05;;0.06;;;0.05;;0.06;;;;;0.05;;0.05;;0.05;;;0.05;;0.05;;0.05;;
8;19;42;27;08019042_27_M;2015;4;0.05;;;0.05;;0.05;;0.05;;;0.05;;0.09;;0.06;;;0.05;;0.05;;0.06;;;0.05;;0.05;;0.05;;
8;19;43;27;08019043_27_M;2015;4;0.07;;;0.05;;0.05;;0.06;;;0.16;;0.16;;0.16;;;0.07;;0.08;;0.19;;;0.05;;0.08;;0.07;;
8;19;44;27;08019044_27_M;2015;4;0.05;;;0.05;;0.05;;0.08;;;0.05;;0.15;;0.05;;;0.05;;0.07;;0.1;;;0.05;;0.05;;0.05;;
8;19;53;27;08019053_27_M;2015;4;0.05;;0.05;;0.05;;0.05;;0.05;;0.05;;0.07;;0.05;;0.05;;0.05;;0.05;;0.05;;0.05;;0.05;;0.05;;
25;51;1;27;25051001_27_M;2015;4;;;;0.43;;0.14;;;;;;;;;;0.44;;;;;;0.14;;;;;;0.14;;;
8;22;6;27;08022006_27_M;2015;4;;0.14;;;;;;;;0.14;;;;;;;;0.14;;0.14;;;;;;;;;;0.14;
17;22;2;27;17022002_27_M;2015;4;;;;0.14;;0.14;;;;;;0.14;;;;;;;;;;;;;;0.14;;;;0.14;
43;47;1;27;43047001_27_M;2015;4;;;;;;;0.14;;;;;;;;0.14;;;;;;;;;;;0.14;;0.14;;;
8;96;14;27;08096014_27_M;2015;4;0.14;;;;;;;;0.18;;;;0.25;;;;;;;;0.15;;;;;;0.16;;;;
8;102;5;27;08102005_27_M;2015;4;;;;;;;;;0.08;;;;;;;;;;0.06;;;0.06;;;;;;;;;
25;120;1;27;25120001_27_M;2015;4;;;;;;;;;;0.14;;;;;;;;0.14;;0.14;;;;;;;;0.14;;;
8;112;3;27;08112003_27_M;2015;4;;0.25;;;;;;;;;;;;;;;0.14;;;;;0.14;;;;;;0.14;;;
8;125;12;27;08125012_27_M;2015;4;;0.06;;;;;;0.12;;;;;;;;;0.09;;;;;;;0.06;;;;;0.06;;
8;202;1;27;08202001_27_M;2015;4;0.06;;;;;;;0.2;;;;;0.08;;;;;;;;;;;0.06;;;0.07;;;;
43;44;3;27;43044003_27_M;2015;4;;;;;;;;;;;;;;0.14;;;;;;;0.14;;;;;;;;0.14;;
8;282;1;27;08282001_27_M;2015;4;;;;;0.14;;;0.14;;;;;;;;0.14;;;;0.14;;;;;;;;0.16;;;
8;307;6;27;08307006_27_M;2015;4;;0.06;;;;;;;0.06;0.06;;;;;;;;;;;;;0.06;;;;;0.06;;;
8;19;28;27;08019028_27_M;2015;5;;0.05;;0.06;;0.08;;;0.05;;0.11;;0.09;;;0.05;;0.06;;0.06;;;0.05;;0.06;;0.05;;;0.05;
8;19;45;27;08019045_27_M;2015;5;;0.05;;0.05;;0.05;;;0.05;;0.05;;0.05;;;0.05;;0.05;;0.05;;;0.05;;0.05;;0.05;;;0.05;
8;19;54;27;08019054_27_M;2015;5;;0.05;;0.05;;0.05;;;0.05;;0.05;;0.05;;;0.05;;0.05;;0.05;;;0.05;;0.05;;0.05;;;0.05;
8;19;55;27;08019055_27_M;2015;5;;0.05;;0.05;;0.05;;;;;;;0.05;;;0.05;;0.05;;0.05;;;0.05;;0.05;;0.05;;;0.05;
8;19;4;27;08019004_27_M;2015;5;;0.05;;0.05;;0.05;;;0.05;;0.05;;0.05;;;0.05;;0.05;;0.05;;;0.05;;0.05;;0.05;;;0.05;
8;19;42;27;08019042_27_M;2015;5;;0.05;;0.05;;0.05;;;0.05;;0.05;;0.05;;;0.05;;0.05;;0.05;;;0.05;;0.05;;0.05;;;0.05;
8;19;43;27;08019043_27_M;2015;5;;0.07;;0.07;;0.1;;;0.05;;0.16;;0.05;;;0.05;;0.22;;0.09;;;0.05;;0.1;;0.07;;;0.05;
8;19;44;27;08019044_27_M;2015;5;;0.05;;0.05;;0.07;;;0.05;;0.08;;0.05;;;0.05;;;;0.05;;;0.05;;0.06;0.05;0.05;;;0.05;
8;19;53;27;08019053_27_M;2015;5;0.05;;0.05;;0.05;;0.05;;0.05;;;;0.05;;0.05;;0.05;;0.05;;0.05;;;;0.05;;0.05;;0.05;;0.05
25;51;1;27;25051001_27_M;2015;5;;;;;;;;;0.14;;0.14;;;;;;;;;;;;0.14;;;;;;0.14;;
8;22;6;27;08022006_27_M;2015;5;;;;;0.14;;;;;;;;0.14;;;;;;0.14;;;;;;0.14;;;;;;
17;22;2;27;17022002_27_M;2015;5;;;;0.14;;;;;;;;0.14;;;;;;;;;;0.14;;;;;;;;;
43;47;1;27;43047001_27_M;2015;5;;;;0.14;;;;;;;;0.14;;;;;;0.14;;;;;;;;;;0.14;;;
8;96;14;27;08096014_27_M;2015;5;;;;;;0.14;;;;;;;0.15;;;;;;;;0.14;;;;0.14;;;;;;
8;102;5;27;08102005_27_M;2015;5;;0.06;;0.06;;;;;;;;;;;0.06;;;;;;;;0.06;;;0.06;;;;;
25;120;1;27;25120001_27_M;2015;5;;;;;;;;0.14;;;;;;;;0.14;;;;;;0.14;;;;;;;;;0.14
8;112;3;27;08112003_27_M;2015;5;;;;;;;;;0.14;;;;;;0.14;;;;;;0.14;;;;;;0.14;;;;
8;125;12;27;08125012_27_M;2015;5;;;;;;;0.06;;;;;;;;0.06;;;;;0.06;;;;;;0.06;;;;;
8;202;1;27;08202001_27_M;2015;5;;;;;;0.06;;;;;0.06;;;;;;;;0.06;;;;;;;;0.07;;;;
43;44;3;27;43044003_27_M;2015;5;;;;;;;;;;0.14;;;0.14;;;;;;0.14;;;;;;;;0.14;;;;
8;282;1;27;08282001_27_M;2015;5;;;;0.15;;;;;;;;;;;;;0.14;0.14;;;;;;;;;;;;;0.14
8;307;6;27;08307006_27_M;2015;5;;;;;;;0.06;;;;;;;0.06;;;;;;;;0.06;;;0.06;;;;;;
8;19;28;27;08019028_27_M;2015;6;;;0.07;;;0.1;;0.12;;0.05;;;0.05;;0.06;;0.06;;;0.05;;0.05;;0.05;;;0.05;;0.06;;
8;19;45;27;08019045_27_M;2015;6;0.05;;0.05;;;0.05;;0.05;;0.05;;;0.05;;0.05;;0.05;;;0.05;;0.05;;0.05;;;0.05;;0.05;;
8;19;54;27;08019054_27_M;2015;6;0.05;;0.05;;;0.05;;0.05;;0.05;;;0.05;;0.05;;0.05;;;0.05;;0.05;;0.05;;;0.05;;0.05;;
8;19;55;27;08019055_27_M;2015;6;0.05;;0.05;;;0.05;;0.05;;0.05;;;0.05;;0.05;;0.05;;;0.05;;0.05;;0.05;;;0.05;;0.05;;
8;19;4;27;08019004_27_M;2015;6;0.05;;0.06;;;0.05;;0.05;;0.05;;;0.05;;0.05;;0.05;;;0.05;;0.05;;;;;0.05;;0.05;;
8;19;42;27;08019042_27_M;2015;6;0.05;;0.05;;;0.05;;0.05;;0.05;;;0.05;;0.05;;0.05;;;;;;;;;;0.05;;0.05;;
8;19;43;27;08019043_27_M;2015;6;0.05;;0.08;;;0.08;;0.1;;0.06;;;0.05;;0.09;;0.09;;;0.05;;0.06;;0.05;;;0.05;;0.09;;
8;19;44;27;08019044_27_M;2015;6;0.05;;0.08;;;0.05;;0.08;;0.05;;;0.05;;0.05;;0.06;;;0.05;;0.05;;0.05;;;0.05;;0.05;;
8;19;53;27;08019053_27_M;2015;6;;0.05;;0.05;;0.05;;0.05;;0.05;;0.05;;0.05;;0.05;;0.05;;0.05;;0.05;;0.05;;0.05;;0.05;;0.05;
25;51;1;27;25051001_27_M;2015;6;;;;;;0.14;;;;;;0.13;;;;0.14;;;;;;;;;;0.13;;;;0.13;
8;22;6;27;08022006_27_M;2015;6;;0.14;;;;;;;;0.14;;;;;;;;;;0.14;;0.14;;;;;;;;0.14;
17;22;2;27;17022002_27_M;2015;6;;;;0.14;;0.14;;;;;;;;0.14;;0.14;;;;;;;;;;;0.14;;0.14;;
43;47;1;27;43047001_27_M;2015;6;;;0.14;;;;;;0.14;;;;;;;;;;0.14;;;;;;0.14;;;;;;
8;96;14;27;08096014_27_M;2015;6;;;;;0.14;;;;;0.14;;;;;;;0.15;;;;;;0.14;;;;;;;;
8;102;5;27;08102005_27_M;2015;6;0.06;;;;;;;;;;;0.06;;;;;;;;;0.06;;;0.06;;;;;;0.06;
25;120;1;27;25120001_27_M;2015;6;;;;;0.14;;;;0.14;;;;;;0.14;;;;;;;;;;;;0.14;;0.14;;
8;112;3;27;08112003_27_M;2015;6;;;;;;0.14;;0.14;;;;;;;;0.14;;;;;;;;;;;;0.14;;0.18;
8;125;12;27;08125012_27_M;2015;6;;0.06;;;;;;;;;0.06;;;;;;0.06;;;;;;0.12;;;;;;0.06;;
8;202;1;27;08202001_27_M;2015;6;;;0.06;;;;;;0.06;;;;;;;;;;0.06;;;;0.06;;;;;;;;
43;44;3;27;43044003_27_M;2015;6;;;;0.14;;;;;;;;;;0.14;;;;0.14;;;;;;;;0.14;;;;0.14;
8;282;1;27;08282001_27_M;2015;6;;;0.14;;;;;0.14;;;;;;;0.14;;;;;;;0.14;;;;;;;;;
8;307;6;27;08307006_27_M;2015;6;;;;;0.07;;;;;;0.06;;;;;;;0.06;;;;;;;0.06;;;;;;
8;19;28;27;08019028_27_M;2015;7;0.09;;;0.05;;0.1;;0.05;;;0.05;;0.05;;0.05;;;0.05;;0.05;;0.05;;;0.05;;0.07;;0.06;;
8;19;45;27;08019045_27_M;2015;7;0.05;;;0.05;;0.05;;0.05;;;0.05;;0.05;;0.05;;;0.05;;0.05;;0.05;;;0.05;;0.05;;0.05;;
8;19;54;27;08019054_27_M;2015;7;0.05;;;0.05;;0.05;;0.05;;;0.05;;0.05;;0.05;;;0.05;;0.05;;0.05;;;0.05;;0.05;;0.05;;
8;19;55;27;08019055_27_M;2015;7;0.05;;;0.05;;0.08;;;;;0.05;;0.05;;0.07;;;0.05;;0.05;;;;;0.05;;0.05;;0.08;;
8;19;4;27;08019004_27_M;2015;7;0.05;;;0.05;;0.06;;0.05;;;0.05;;0.05;;0.05;;;0.05;;0.05;;0.05;;;0.05;;0.05;;0.08;;
8;19;42;27;08019042_27_M;2015;7;0.05;;;0.05;;0.05;;0.05;;;0.05;;0.05;;0.05;;;0.05;;0.05;;;;;0.05;;0.05;;0.05;;
8;19;43;27;08019043_27_M;2015;7;0.08;;;0.07;;0.09;;0.09;;;0.05;;0.08;;0.11;;;0.05;;0.07;;0.06;;;0.06;;0.09;;0.08;;
8;19;44;27;08019044_27_M;2015;7;0.05;;;0.05;;0.07;;0.05;;;;;;;0.07;;;0.05;;0.05;;0.05;;;0.05;;0.05;;0.05;;
8;19;53;27;08019053_27_M;2015;7;;0.05;;0.05;;0.05;;0.05;;0.05;;0.05;;0.05;;0.05;;0.05;;0.05;;0.05;;0.05;;0.05;;0.05;;0.05;
25;51;1;27;25051001_27_M;2015;7;;0.14;;0.13;;0.13;;0.13;;;;0.13;;0.13;;0.13;;0.13;;0.13;;0.13;;0.13;;;;0.13;;0.13;
8;22;6;27;08022006_27_M;2015;7;;;;;;;;;;0.14;;;;;;0.14;;;;0.14;;;;;;;;;;0.14;
17;22;2;27;17022002_27_M;2015;7;;;;;;;0.14;;;;;;0.14;;;;;;;;0.14;;;;;;0.14;;;;
43;47;1;27;43047001_27_M;2015;7;0.14;;;;;;;;0.14;;;;0.14;;;;;;;;0.14;;;;;;;;;;0.14
8;96;14;27;08096014_27_M;2015;7;0.14;;0.14;;;;0.15;0.14;0.14;;;;;;;0.15;0.14;;;;0.14;0.14;0.14;;;;0.14;;;0.14;0.14
8;102;5;27;08102005_27_M;2015;7;;;;;;;;;0.06;0.06;;;;;;0.06;;;;0.06;;;;;;;;;;;0.06
25;120;1;27;25120001_27_M;2015;7;;;0.14;;;;;;0.14;;;;;;;;0.14;;;;;;;;0.14;;;;0.14;;
8;112;3;27;08112003_27_M;2015;7;0.14;;0.14;;0.14;;0.14;;0.14;;0.14;;;;0.14;;0.14;;0.14;;0.14;;0.14;;0.14;;;;0.14;;0.14
8;125;12;27;08125012_27_M;2015;7;;;;;;0.06;;;;;;;;0.06;;;;;;;;0.06;;;;;;0.06;;;
8;202;1;27;08202001_27_M;2015;7;;;0.06;;;;;0.06;;;;;;;0.06;;;;;0.06;;;;;;;;;;0.06;
43;44;3;27;43044003_27_M;2015;7;;;;;;;;0.14;;;;;;;;;;0.14;;;;0.14;;;;;;;;0.14;
8;282;1;27;08282001_27_M;2015;7;;0.15;;;;0.14;;;;;;;0.14;;;;;;;;0.14;;;;;;;0.14;;;
8;307;6;27;08307006_27_M;2015;7;;0.06;;;;;;;0.06;;;;;;;0.06;;;;;;;;0.06;;;;;0.06;;
8;19;28;27;08019028_27_M;2015;1;;;0.35;;0.52;;0.48;;;0.5;;0.24;;0.18;;;0.17;;0.29;;0.23;;;0.19;;0.2;;0.15;;;
8;19;45;27;08019045_27_M;2015;1;;;0.11;;0.19;;0.41;;;0.09;;0.14;;;;;0.16;;0.17;;0.08;;;0.07;;0.1;;0.16;;;0.05
8;19;54;27;08019054_27_M;2015;1;;;0.11;;0.32;;0.55;;;;;;;0.07;;;0.09;;0.15;;0.12;;;0.06;;0.14;;0.13;;;0.05
8;19;55;27;08019055_27_M;2015;1;;;0.35;;0.61;;;;;0.44;;0.3;;0.16;;;0.1;;0.2;;0.12;;;0.1;;0.18;;0.15;;;0.05
8;19;4;27;08019004_27_M;2015;1;;;0.46;;0.85;;0.97;;;0.69;;;;0.34;;;0.25;;;;;;;0.18;;0.34;;0.26;;;0.05
8;19;42;27;08019042_27_M;2015;1;;;0.15;;;;;;;0.19;;0.21;;0.1;;;0.14;;0.46;;0.14;;;0.12;;0.18;;0.14;;;0.05
8;19;43;27;08019043_27_M;2015;1;;;0.27;;0.48;;0.64;;;0.45;;0.29;;0.3;;;0.19;;0.3;;0.23;;;0.19;;0.23;;0.22;;;0.07
8;19;44;27;08019044_27_M;2015;1;;;0.48;;0.4;;0.37;;;0.66;;0.3;;;;;0.16;;0.27;;0.24;;;;;0.2;;0.2;;;0.05
8;19;53;27;08019053_27_M;2015;1;;;;;;;;;;;0.11;;;;0.05;;0.14;;0.2;;0.1;;0.18;;0.07;;0.16;;;;0.05
25;51;1;27;25051001_27_M;2015;1;3.78;;;;;;;;3.19;;;;;;;;1.53;;0.69;;;;;;;;;;;;0.36
8;22;6;27;08022006_27_M;2015;1;;;0.97;;0.5;;;;;;;;;;0.61;;;;;;;;;;1.53;;;;;;0.56
17;22;2;27;17022002_27_M;2015;1;;;;0.83;;1.11;;;;;;1.53;;;;;;;;;;;;;;0.83;;0.83;;;
43;47;1;27;43047001_27_M;2015;1;;;0.34;;0.48;;;;;;;;;;0.43;;;;;;0.33;;;;;;;;0.3;;
8;96;14;27;08096014_27_M;2015;1;;;;;;;2.0;;;;;;;;;0.25;;;0.42;;;;;;;1.42;;;;;
8;102;5;27;08102005_27_M;2015;1;;;;0.37;;;0.07;;;;;;;;;;;0.18;;;;0.3;;;;;0.79;;;;
25;120;1;27;25120001_27_M;2015;1;1.81;;;;;;0.42;;;;;;;;;;0.43;;0.36;;;;;;;;1.39;;;;
8;112;3;27;08112003_27_M;2015;1;;;6.95;;;;11.13;;;;;;;;5.29;;;;;;3.2;;;;;;;;;;4.31
8;125;12;27;08125012_27_M;2015;1;;;;;;;2.01;;1.19;;;;0.51;;;;;;;;1.28;;;;;;1.46;;;;
8;202;1;27;08202001_27_M;2015;1;;;;;;;1.76;;;;;0.67;;;;;;;;;;1.11;;;;;1.29;;;;
43;44;3;27;43044003_27_M;2015;1;;0.14;;;0.14;;;;;;;;;0.14;;;;;;;0.14;;;;;;;;;0.14;
8;282;1;27;08282001_27_M;2015;1;;;;;;;0.38;;;;0.35;;;;;;;0.24;;0.29;;;;;;;0.42;;;;
8;307;6;27;08307006_27_M;2015;1;;0.36;;;;;0.18;;;;;;;;;0.06;;;0.1;;;;;;;;0.25;;;;
8;19;28;27;08019028_27_M;2015;2;;0.18;;0.2;;;0.13;;0.21;;0.61;;;0.16;;0.2;;0.2;;;0.08;;0.2;;0.12;;;0.08;;;
8;19;45;27;08019045_27_M;2015;2;;0.15;;0.09;;;0.12;;0.18;;0.3;;;0.09;;0.11;;0.13;;;0.06;;0.11;;0.07;;;0.07;;;
8;19;54;27;08019054_27_M;2015;2;;0.1;;0.12;;;0.11;;0.14;;0.19;;;0.06;;0.1;;0.14;;;0.07;;0.12;;0.05;;;0.08;;;
8;19;55;27;08019055_27_M;2015;2;;0.12;;0.1;;;0.11;;0.16;;0.39;;;0.12;;0.23;;0.13;;;0.52;;0.1;;0.05;;;0.06;;;
8;19;4;27;08019004_27_M;2015;2;;0.3;;0.18;;;0.15;;0.32;;0.63;;;0.16;;0.42;;0.2;;;0.16;;0.15;;0.1;;;0.17;;;
8;19;42;27;08019042_27_M;2015;2;;0.14;;;;;0.13;;0.34;;0.25;;;0.14;;0.11;;0.09;;;0.06;;0.18;;0.05;;;0.06;;;
8;19;43;27;08019043_27_M;2015;2;;0.21;;0.2;;0.2;0.18;;0.24;;0.72;;;0.15;;0.25;;0.25;;;0.1;;0.26;;0.15;;;0.08;;;
8;19;44;27;08019044_27_M;2015;2;;0.21;;0.18;;;0.17;;0.24;;0.48;;;0.12;;0.19;;0.17;;;0.1;;0.19;;0.09;;;0.07;;;
8;19;53;27;08019053_27_M;2015;2;;0.08;;0.12;;0.17;;0.13;;0.2;;0.09;;0.07;;0.12;;0.15;;0.05;;0.08;;0.05;;0.08;;0.08;;;
25;51;1;27;25051001_27_M;2015;2;;0.99;;;;;;;1.11;;;;;;;;;;;;0.14;;0.62;;;;;;;;
8;22;6;27;08022006_27_M;2015;2;;0.33;;;;;;;;;;;0.14;;;;;;;;0.14;;0.33;;;;;;;;
17;22;2;27;17022002_27_M;2015;2;;;;;0.26;;;;;;;;0.83;;;;;;0.97;;;;0.6;;;;;;;;
43;47;1;27;43047001_27_M;2015;2;;0.37;;;;;;;;;;0.27;;;;;;;;0.14;;;;0.14;;;;;;;
8;96;14;27;08096014_27_M;2015;2;;0.82;;;;;;;1.19;;;;;;;;;;;0.68;;;;0.14;;;;;;;
8;102;5;27;08102005_27_M;2015;2;;;;;0.18;;;;;;;;0.55;;;;0.29;;;;;;;;0.24;;;;;;
25;120;1;27;25120001_27_M;2015;2;;;;;;;;0.26;;1.25;;;;;;;;;;;;0.14;;0.14;;;;;;;
8;112;3;27;08112003_27_M;2015;2;;4.31;;;;;;;;;;;5.15;;;;;;1.25;;;;;;3.89;;;;;;
8;125;12;27;08125012_27_M;2015;2;;;;;0.69;;;;;;;;0.36;;;0.61;;;;;;;;0.09;;;;;;;
8;202;1;27;08202001_27_M;2015;2;;;;;;0.43;;;1.16;;;;;;;;;;;0.36;;;;0.24;;;;;;;
43;44;3;27;43044003_27_M;2015;2;;;0.14;;;;;;;;0.14;;;;;;;;;;0.14;;0.14;;;;;;;;
8;282;1;27;08282001_27_M;2015;2;;;0.19;;;;;;;;;;;;0.14;0.14;;;;;;;;0.14;;;;;;;
8;307;6;27;08307006_27_M;2015;2;;;;0.18;;;;;;;;0.24;;;;0.18;;;;;;;;0.06;;;;;;;
8;19;28;27;08019028_27_M;2015;8;0.05;;0.05;;0.05;;;0.05;;0.05;;0.05;;;0.05;;0.06;;0.05;;;;;;;0.05;;;0.05;;0.05
8;19;45;27;08019045_27_M;2015;8;0.05;;0.05;;0.05;;;0.05;;0.05;;0.05;;;0.05;;0.05;;0.05;;;0.05;;0.05;;0.05;;;0.05;;0.05
8;19;54;27;08019054_27_M;2015;8;0.05;;0.05;;0.05;;;0.05;;0.05;;0.05;;;0.05;;0.05;;0.05;;;0.05;;0.05;;0.05;;;0.05;;0.05
8;19;55;27;08019055_27_M;2015;8;;;;;;;;0.05;;0.05;;0.05;;;;;;;;;;;;;;;;;;;
8;19;4;27;08019004_27_M;2015;8;0.05;;0.05;;0.05;;;0.05;;0.05;;0.05;;;0.05;;0.05;;0.05;;;0.05;;0.05;;0.05;;;0.05;;0.05
8;19;42;27;08019042_27_M;2015;8;0.05;;0.05;;0.05;;;;;;;;;;0.05;;0.05;;;;;0.05;;0.05;;0.05;;;0.05;;0.05
8;19;43;27;08019043_27_M;2015;8;0.05;;0.06;;0.06;;;0.05;;0.06;;0.06;;;0.05;;0.07;;0.05;;;0.05;;0.05;;0.05;;;0.05;;0.08
8;19;44;27;08019044_27_M;2015;8;0.05;;0.05;;0.05;;;0.05;;0.05;;0.05;;;0.05;;0.05;;0.05;;;0.05;;0.05;;0.05;;;0.05;;0.05
8;19;53;27;08019053_27_M;2015;8;0.05;;0.05;;;0.05;;;0.05;0.05;0.05;;;;;;;;;;0.05;;0.05;;0.05;;0.05;;0.05;;0.05
25;51;1;27;25051001_27_M;2015;8;0.13;;;;0.13;;0.13;;0.13;;0.13;;0.13;;0.14;;0.13;;;;0.13;;0.13;;0.14;;0.13;;0.13;;0.13
8;22;6;27;08022006_27_M;2015;8;;;;;0.14;;;;;;;;;;0.14;;;;;;;;0.14;;;;;;0.14;;
17;22;2;27;17022002_27_M;2015;8;;;;0.14;;;;;;;;;;;;0.14;;;;;;0.14;;;;;;0.14;;;
43;47;1;27;43047001_27_M;2015;8;;;;;;0.14;;;;;;;;0.14;;;;;;0.14;;;;;;;;;;0.14;
8;96;14;27;08096014_27_M;2015;8;;;0.14;0.14;0.16;;;;;;;0.16;0.14;;0.14;;0.14;0.14;;0.14;;;;0.14;0.14;;0.14;;;;
8;102;5;27;08102005_27_M;2015;8;;;;;;0.06;;;;;;;;0.06;;;;;;;;;0.06;;;;;0.06;;;
25;120;1;27;25120001_27_M;2015;8;;;;;;0.14;;;;;;;;0.14;;;;0.14;;;;;;;;;;0.14;;;
8;112;3;27;08112003_27_M;2015;8;;0.14;;0.14;;0.14;;0.14;;0.14;;0.14;;0.14;;;;0.14;;0.14;;0.14;;0.14;;;;0.14;;0.14;
8;125;12;27;08125012_27_M;2015;8;;;;0.06;;;;;;;;;0.06;;;;;0.06;;;;;;;;;0.06;;;;
8;202;1;27;08202001_27_M;2015;8;;;0.06;;;;;;;;0.06;;;;;;0.06;;;;;;;;0.06;;;;;;
43;44;3;27;43044003_27_M;2015;8;;;0.14;;;;;;;;0.14;;;;;;;;;0.14;;;;;0.14;;;;;;0.14
8;282;1;27;08282001_27_M;2015;8;;;;0.14;;;;;;;;0.14;;;;;;;0.14;;;;;;0.14;;;;;;
8;307;6;27;08307006_27_M;2015;8;;;;;;0.06;;;;;;;0.06;;;;;;;;0.06;;;0.06;;;;;;;
8;19;28;27;08019028_27_M;2015;9;;0.05;;;;;0.07;;0.06;;0.12;0.05;;0.06;;0.06;;;0.06;;0.09;;0.06;;;0.05;;0.09;;0.22;
8;19;45;27;08019045_27_M;2015;9;;0.05;;;0.05;;0.05;;0.05;;;0.05;;0.05;;0.05;;;0.05;;0.05;;0.05;;;0.05;;0.05;;0.05;
8;19;54;27;08019054_27_M;2015;9;;0.05;;;0.05;;0.05;;0.05;;;0.05;;0.05;;0.05;;;0.05;;0.05;;0.05;;;0.05;;0.05;;0.05;
8;19;55;27;08019055_27_M;2015;9;;0.05;;;0.05;;0.05;;0.05;;;0.05;;0.05;;0.05;;;0.05;;0.05;;0.05;;;0.05;;0.05;;0.05;
8;19;4;27;08019004_27_M;2015;9;;0.05;;;0.05;;;;0.05;;;0.05;;0.05;;0.05;;;0.05;;0.05;;0.05;;;0.05;;0.05;;0.05;
8;19;42;27;08019042_27_M;2015;9;;0.05;;;0.05;;0.05;;0.05;;;0.05;;0.05;;0.05;;;0.05;;;;;;;0.05;;0.05;;0.05;
8;19;43;27;08019043_27_M;2015;9;;0.08;;;0.06;;0.1;;0.09;;;0.06;;0.07;;0.07;;;0.06;;0.13;;0.11;;;0.08;;0.11;;0.14;
8;19;44;27;08019044_27_M;2015;9;;0.05;;;0.05;;0.05;;0.05;;;0.05;;;;;;;;;;;;;;0.05;;0.06;;0.1;
8;19;53;27;08019053_27_M;2015;9;;0.05;;0.05;;0.05;;0.05;;0.05;;0.05;;0.05;;0.05;;0.05;;0.05;;0.05;;0.05;;0.05;;0.05;;0.05;
25;51;1;27;25051001_27_M;2015;9;;;;0.14;;0.14;;0.14;;0.14;;0.13;;0.14;;0.13;;0.14;;;;0.14;;0.14;;0.14;;;;0.14;
8;22;6;27;08022006_27_M;2015;9;;0.14;;;;;;;;0.14;;;;;;0.14;;;;;;0.14;;;;;;0.14;;;
17;22;2;27;17022002_27_M;2015;9;;;0.14;;;;;;0.14;;;;;;0.14;;;;;;0.14;;;;;;;;;;
43;47;1;27;43047001_27_M;2015;9;;;0.14;;;;0.15;;;;;;;;0.14;;;;;;;;0.14;;;;;;0.14;;
8;96;14;27;08096014_27_M;2015;9;;0.14;0.14;0.14;;;;0.14;0.14;;;;0.14;0.15;0.14;0.14;;;;;0.14;0.15;0.14;;;;;;;0.14;
8;102;5;27;08102005_27_M;2015;9;0.06;;;;;;;0.06;;;;;;0.07;;;;0.06;;;;;;;;;;;;;
25;120;1;27;25120001_27_M;2015;9;;;0.14;;;;0.14;;;;;;;;;;;;0.14;;0.14;;;;;;;;0.14;;
8;112;3;27;08112003_27_M;2015;9;;;0.14;;0.14;;0.14;;0.14;;0.19;;;;0.14;;0.14;;0.14;;0.14;;;;0.14;;0.14;;0.14;;
8;125;12;27;08125012_27_M;2015;9;0.06;;;;;;;0.06;;;;;;;0.06;;;;;;;0.06;;;;;;;;;
8;202;1;27;08202001_27_M;2015;9;;;0.06;;;;;0.06;;;;;;0.07;;;;;;;;0.08;;;;;;0.06;;;
43;44;3;27;43044003_27_M;2015;9;;;;;;;;;;0.14;;;;;;;;0.14;;;0.14;;;;;;;;;0.14;
8;282;1;27;08282001_27_M;2015;9;;0.14;;;;;;0.14;;;;;;0.14;;;;;;;;0.14;;;;;;;;0.14;
8;307;6;27;08307006_27_M;2015;9;;;;0.06;;;;0.06;;;;;;;;;0.06;;;;;;0.06;;;;;;;0.06;
8;19;28;27;08019028_27_M;2015;10;;;0.11;;0.14;;0.09;;;0.07;;0.05;;0.08;;;0.07;;0.16;;0.1;;;0.25;;0.23;;0.09;;;0.11
8;19;45;27;08019045_27_M;2015;10;;;0.05;;0.12;;0.05;;;0.05;;0.05;;0.05;;;0.06;;0.06;;0.05;;;0.12;;;;;;;0.05
8;19;54;27;08019054_27_M;2015;10;;;0.05;;0.09;;0.05;;;0.05;;0.05;;0.05;;;0.05;;0.06;;0.05;;;0.15;;0.08;;0.05;;;0.07
8;19;55;27;08019055_27_M;2015;10;;;0.06;;0.08;;0.05;;;0.05;;0.05;;0.05;;;0.05;;0.05;;0.05;;;0.17;;0.1;;0.06;;;0.06
8;19;4;27;08019004_27_M;2015;10;;;0.1;;0.16;;0.05;;;0.06;;0.05;;0.08;;;0.05;;0.08;;0.05;;;0.24;;0.08;;0.16;;;0.08
8;19;42;27;08019042_27_M;2015;10;;;0.06;;;;;;;;;;;;;;;;;;;;;0.11;;0.12;;;;;0.05
8;19;43;27;08019043_27_M;2015;10;;;0.14;;0.21;;0.15;;;0.05;;0.07;;0.16;;;;;;;;;;0.34;;0.26;;0.21;;;0.13
8;19;44;27;08019044_27_M;2015;10;;;0.1;;0.26;;0.07;;;0.05;;0.05;;0.1;;;0.06;;0.1;;0.11;;;0.17;;0.14;;0.14;;;0.07
8;19;53;27;08019053_27_M;2015;10;;0.05;;0.05;;0.05;;0.05;;0.05;;0.05;;0.05;;0.05;;0.05;;0.05;;0.06;;0.21;;0.06;;0.05;;0.05;
25;51;1;27;25051001_27_M;2015;10;;0.14;;0.14;;0.13;;0.14;;0.34;;;;0.14;;0.15;;0.27;;0.19;;0.14;;0.48;;;;0.14;;0.47;
8;22;6;27;08022006_27_M;2015;10;;;;;;;;;;;;0.14;;;;0.14;;;;0.14;;;;;;;;;;;
17;22;2;27;17022002_27_M;2015;10;;;;;;0.14;;;;0.14;;;;;;;;0.14;;;;;;0.14;;;;;;;
43;47;1;27;43047001_27_M;2015;10;;;;;0.14;;;;;;;;;;;;0.14;;0.14;;;;;;;;;;0.14;;
8;96;14;27;08096014_27_M;2015;10;0.16;0.14;;;0.14;0.15;0.14;;;;;;0.14;0.15;0.15;;;;;0.14;0.14;;0.52;;;0.14;;0.21;0.14;;
8;102;5;27;08102005_27_M;2015;10;0.06;;;;0.09;;;;;;;;;;0.07;;;;;;;;;0.18;;;;0.12;;;
25;120;1;27;25120001_27_M;2015;10;;;;;;;;;;0.14;;;;0.14;;;;;;;;;;0.38;;;;;;0.14;
8;112;3;27;08112003_27_M;2015;10;0.22;;0.14;;;;0.14;;0.14;;0.14;;0.14;;0.31;;0.14;;0.14;;0.14;;;;0.47;;0.14;;;1.67;
8;125;12;27;08125012_27_M;2015;10;;0.06;;;0.06;;;;;;;;;0.12;;;;;;0.08;;;;;;;0.12;;;;
8;202;1;27;08202001_27_M;2015;10;;;;;;;0.07;;;;;;0.06;;;;;;;;;;0.18;;;;;0.06;;;
43;44;3;27;43044003_27_M;2015;10;;;;;;0.14;;;;;;;;;;0.14;;0.14;;;;;;0.14;;;;;;0.14;
8;282;1;27;08282001_27_M;2015;10;;;;;;0.14;;;;;;;;;0.14;;;;;;0.14;;;;;;0.14;;;;
8;307;6;27;08307006_27_M;2015;10;;;;;;;0.06;;;;;;;;;0.06;;;;;;0.06;;;;;0.06;;;;
33;24;25;27;33024025_27_M;2015;1;;;;;;;2.6;;;;;;;1.2;;;;;;;0.3;;;;;;;0.3;;;
33;24;25;27;33024025_27_M;2015;2;;;;0.3;;;;;;;;;;0.3;;;;0.3;;;;;;;;;;;;;
33;24;25;27;33024025_27_M;2015;3;;;0.3;;1.4;;;;;;0.42;;;;;;;0.3;;;;;;;0.3;;;;;;
33;24;25;27;33024025_27_M;2015;4;0.3;;;;;;;0.44;;;;;;;0.3;;;;;;;0.3;;;;;;;0.3;;
33;24;25;27;33024025_27_M;2015;5;;;;;;0.3;;;;;;;0.3;;;;;;;0.3;;;;;;;0.3;;;;
33;24;25;27;33024025_27_M;2015;6;;;0.3;;;;;;;0.3;;;;;;;0.3;;;;;;;0.3;;;;;;;
33;24;25;27;33024025_27_M;2015;7;;0.3;;;;;;;0.3;;;;;;;0.3;;;;;;;0.3;;;;;;;0.3;
33;24;25;27;33024025_27_M;2015;8;;;;;;0.3;;;;;;;0.3;;;;;;;0.3;;;;;;;0.3;;;;
33;24;25;27;33024025_27_M;2015;9;;;0.3;;;;;;;0.3;;;;;;;0.3;;;;;;;0.3;;;;;;0.3;
33;24;25;27;33024025_27_M;2015;10;;;;;;;0.3;;;;;;;0.3;;;;;;;;;;;;;;;;;
33;24;25;27;33024025_27_M;2015;11;;;;;;;;0.3;;;;0.31;;;;;;;;;;;;;;;;;;;
33;24;25;27;33024025_27_M;2015;12;;;2.0;;1.5;;;;;3.5;;;;;;3.1;;;;;;;0.39;;;;;;;;
46;190;5;27;46190005_27_M;2015;3;;;;;;;;0.1;0.11;;;;;;;;0.04;;;;;;;;0.04;;;;;;
46;250;50;27;46250050_27_M;2015;3;;;;;;;;0.11;;;;;;;;;0.09;;;;;;;;0.04;;;;;;
3;9;6;27;03009006_27_M;2015;3;0.04;0.04;;;;;;;;0.22;;;;;;;;0.04;;;;;;;;0.04;;;;;
3;14;6;27;03014006_27_M;2015;3;0.0;0.0;;;;;;;;0.0;;;;;;;;0.04;;;;;;;;0.04;;;;;
3;65;7;27;03065007_27_M;2015;3;0.11;0.04;;;;;;;;0.0;;;;;;;;0.1;;;;;;;;0.04;;;;;
3;65;6;27;03065006_27_M;2015;3;0.11;0.07;;;;;;;;0.08;;;;;;;;0.04;;;;;;;;0.04;;;;;
46;131;2;27;46131002_27_M;2015;3;0.13;0.0;;;;;;;;;;;;;;;;0.04;;;;;;;;0.42;;;;;
3;9;6;27;03009006_27_M;2015;4;;;;;;;;;0.04;;;;;;;;0.04;;;;;;;;0.04;;;;;;
12;40;15;27;12040015_27_M;2015;4;;0.04;;;;;;;;0.04;;;;;;;;0.04;;;;;;;;0.04;0.04;;;;
3;65;7;27;03065007_27_M;2015;4;;;;;;;;;;;;;;;;;0.04;;;;;;;;0.04;;;;;;
46;17;2;27;46017002_27_M;2015;4;;;;;;;;;0.04;;;;;;;;0.09;;;;;;;;0.19;;;;;;
3;65;6;27;03065006_27_M;2015;4;;;;;;;;;0.04;;;;;;;;0.04;;;;;;;;0.04;;;;;;
46;190;5;27;46190005_27_M;2015;4;;0.12;;;;;;;;0.14;;;;;;;;0.04;;;;;;;;0.04;0.04;;;;
46;131;2;27;46131002_27_M;2015;4;;;;;;;;;0.04;;;;;;;;0.35;;;;;;;;0.21;;;;;;
46;250;50;27;46250050_27_M;2015;4;;0.1;;;;;;;;0.04;;;;;;;;0.04;;;;;;;;0.04;0.04;;;;
3;14;6;27;03014006_27_M;2015;4;;;;;;;;;0.04;;;;;;;;0.04;;;;;;;;0.04;;;;;;
46;220;9;27;46220009_27_M;2015;4;;0.04;;;;;;;;0.04;;;;;;;;0.04;;;;;;;;0.04;0.04;;;;
12;32;5;27;12032005_27_M;2015;5;;;;;;;;;;;;;;;0.04;;;;;;;;;;;;;;0.04;;
46;17;2;27;46017002_27_M;2015;5;;;0.04;0.12;;;;;;;;0.17;;;;;;;;0.04;;;;;;;;0.13;;;
46;190;5;27;46190005_27_M;2015;5;;;;;;;;;;;;;0.04;;;;;;;;0.04;;;;;;;;0.04;;
46;220;9;27;46220009_27_M;2015;5;;;;;0.04;;;;;;;;0.04;;;;;;;;0.04;;;;;;;;0.04;;
46;250;50;27;46250050_27_M;2015;5;;;;;0.04;;;;;;;;0.11;;;;;;;;0.04;;;;;;;;0.04;;
3;65;6;27;03065006_27_M;2015;5;;;0.04;0.04;;;;;;;;0.04;;;;;;;;0.04;;;;;;;;;;;
12;40;15;27;12040015_27_M;2015;5;;;;;0.04;;;;;;;;0.04;;;;;;;;0.04;;;;;;;;0.04;;
3;14;6;27;03014006_27_M;2015;5;;;0.04;0.04;;;;;;;;0.04;;;;;;;;0.04;;;;;;;;0.04;;;
46;131;2;27;46131002_27_M;2015;5;;;0.07;0.04;;;;;;;;0.13;;;;;;;;0.04;;;;;;;;0.04;;;
3;65;7;27;03065007_27_M;2015;5;;;;;;;;;;;;0.04;;;;;;;;0.04;;;;;;;0.04;;;;
3;9;6;27;03009006_27_M;2015;5;;;0.04;0.04;;;;;;;;0.04;;;;;;;;0.04;;;;;;;;0.04;;;
46;220;9;27;46220009_27_M;2015;6;;;;;;0.04;;;;;;;;0.04;0.04;;;;;;;;;;;;;;;;
12;40;15;27;12040015_27_M;2015;6;;;;;;0.04;;;;;;;;0.04;0.04;;;;;;;;0.04;;;;;;;;
3;9;6;27;03009006_27_M;2015;6;;;;;0.04;;;;;;;;0.04;;;;;;;;0.04;0.04;;;;;;;;0.04;
3;65;7;27;03065007_27_M;2015;6;;;;;0.04;;;;;;;;0.04;;;;;;;;0.04;0.04;;;;;;;;;
3;14;6;27;03014006_27_M;2015;6;;;;;0.04;;;;;;;;0.04;;;;;;;;0.04;;;;;;;;;;
3;65;6;27;03065006_27_M;2015;6;;;;;;;;;;;;;0.04;;;;;;;;0.04;0.04;;;;;;;;0.04;
12;32;5;27;12032005_27_M;2015;6;;;0.04;;;;;;;;;;;0.04;0.04;;;;;;;;0.04;;;;;;;;
46;17;2;27;46017002_27_M;2015;6;;;;;0.13;;;;;;;;0.04;;;;;;;;0.04;0.04;;;;;;;;0.04;
46;190;5;27;46190005_27_M;2015;6;;;;;;0.04;;;;;;;;;;;;;;;;;0.04;;;;;;;;
46;250;50;27;46250050_27_M;2015;6;;;;;;0.28;;;;;;;;0.04;0.04;;;;;;;;0.04;;;;;;;;
46;131;2;27;46131002_27_M;2015;6;;;;;0.04;;;;;;;;0.09;;;;;;;;0.04;0.04;;;;;;;;0.04;
46;131;2;27;46131002_27_M;2015;7;;;;;;;;0.04;;;;;;;;;0.18;;;;;;;0.04;;;;;;;
3;14;6;27;03014006_27_M;2015;7;;;;;;;;0.04;;;;;;;;;;;;;;;;0.04;;0.04;;;;;
12;32;5;27;12032005_27_M;2015;7;;;;;;;;;;0.04;;;;;;;;0.04;;;;;;;;0.04;0.04;;;;
12;40;15;27;12040015_27_M;2015;7;0.04;;;;;;;;;;;;;;;;;0.04;;;;;;;;0.04;;;;;
46;17;2;27;46017002_27_M;2015;7;;;;;;;;0.04;;;;;;;;;;;;;;;;;;;;;;;
3;9;6;27;03009006_27_M;2015;7;;;;;;;;0.04;;;;;;;;0.04;;;;;;;;0.04;;;;;;;
3;65;7;27;03065007_27_M;2015;7;;;;;;;;;;;;;;;;0.04;;;;;;;;;;;;;;;
46;190;5;27;46190005_27_M;2015;7;0.04;;;;;;;;0.04;;;;;;;;;0.04;;;;;;;;0.04;0.04;;;;
46;220;9;27;46220009_27_M;2015;7;0.04;;;;;;;;0.04;;;;;;;;;0.04;;;;;;;;;;;;;
46;250;50;27;46250050_27_M;2015;7;0.04;;;;;;;;0.04;;;;;;;;;;;;;;;;;;;;;;
3;65;6;27;03065006_27_M;2015;7;;;;;;;;0.04;;;;;;;;0.04;;;;;;;;;;;;;;;
46;17;2;27;46017002_27_M;2015;8;;;;;;;;;0.04;0.04;;;;;;;;0.04;;;;;;;;0.04;;;;;
3;9;6;27;03009006_27_M;2015;8;0.04;;;;;;;;0.04;0.04;;;;;;;;0.04;;;;;;;;0.04;;;;;
3;14;6;27;03014006_27_M;2015;8;0.04;;;;;;;;0.04;0.04;;;;;;;;;;;;;;;;0.04;;;;;
3;65;6;27;03065006_27_M;2015;8;0.04;;;;;;;;0.04;0.04;;;;;;;;;;;;;;;;;;;;;
12;40;15;27;12040015_27_M;2015;8;;;;;;;;;;;;0.04;;;;;;;;0.04;;;;;;;;0.04;;;
46;190;5;27;46190005_27_M;2015;8;;;;0.04;;;;;;;;0.04;;;;;;;;;;;;;;;;;;;
3;65;7;27;03065007_27_M;2015;8;0.04;;;;;;;0.04;;;;;;;;;;;;;;;;;;;;;;;
46;220;9;27;46220009_27_M;2015;8;;;;;;;;;;;;0.04;;;;;;;;0.04;;;;;;;;0.04;;;
46;250;50;27;46250050_27_M;2015;8;;;;0.04;;;;;;;;;;;;;;;;0.04;;;;;;;;;;;
3;14;6;27;03014006_27_M;2015;9;;;0.04;;;;;;;;0.04;;;;;;;;0.04;;;;;;;;0.04;0.04;;;
46;190;5;27;46190005_27_M;2015;9;;;;;;;;;;;;;0.04;;;;;;;;;;;;;;;;;;
46;17;2;27;46017002_27_M;2015;9;;;;;;;;;;;;;;;;;;;;;;;;;;;0.04;;;;
12;40;15;27;12040015_27_M;2015;9;;;;;0.04;;;;;;;;0.04;0.04;;;;;;;;;;;;;;;;;
46;131;2;27;46131002_27_M;2015;9;;;0.04;;;;;;;;0.04;;;;;;;;0.04;;;;;;;;0.04;0.04;;;
46;220;9;27;46220009_27_M;2015;9;;;;;0.04;;;;;;;;0.04;;;;;;;;;;;;;;;;;;
12;32;5;27;12032005_27_M;2015;9;;;;;0.04;;;0.04;0.04;;;;;;;;;;;;;;;;;;;;;;
3;65;7;27;03065007_27_M;2015;9;;;;;;;;;;;0.04;;;;;;;;;;;;;;;;0.04;0.04;;;
3;9;6;27;03009006_27_M;2015;9;;;0.04;;;;;;;;0.04;;;;;;;;0.04;;;;;;;;0.04;;;;
3;65;6;27;03065006_27_M;2015;9;;;;;;;;;;;;;;;;;;;0.04;;;;;;;;0.04;0.04;;;
3;14;6;27;03014006_27_M;2015;10;;;;;;;;;;;;;;0.04;;;;;;;;0.04;;;;;;;;;0.04
46;220;9;27;46220009_27_M;2015;10;;;;;;;;0.04;;;;;;;;0.04;;;;;;;;0.04;;;;;;;
3;65;7;27;03065007_27_M;2015;10;;;;;;0.08;;;;;;;;0.04;;;;;;;;;;;;;;;;;0.04
46;190;5;27;46190005_27_M;2015;10;;;;;;;;0.04;;;;;;;;0.04;;;;;;;;0.08;;;;;;;
12;40;15;27;12040015_27_M;2015;10;;;;;;;;0.04;;;;;;;;0.04;;;;;;;;;;;;;;;
12;32;5;27;12032005_27_M;2015;10;;;;;;;;;;;;;;;;0.04;;;;;;;;0.04;;;;;;;
46;17;2;27;46017002_27_M;2015;10;;;;;;0.12;;;;;;;;0.07;;;;;0.04;;;0.08;;;;;;;0.1;;0.04
46;131;2;27;46131002_27_M;2015;10;;;;;;0.04;;;;;;;;0.04;;;;;;;;0.08;;;;;;;;;0.01
3;9;6;27;03009006_27_M;2015;10;;;;;;0.04;;;;;;;;0.04;;;;;;;;0.04;;;;;;;;;0.04
3;65;6;27;03065006_27_M;2015;10;;;;;;0.04;;;;;;;;0.04;;;;;;;;0.01;;;;;;;;;0.01
46;250;50;27;46250050_27_M;2015;10;;;;;;;;0.04;;;;;;;;0.04;;;;;;;;0.23;;;;;;;
12;32;5;27;12032005_27_M;2015;11;0.04;;;;;;;;;;;;0.04;;;;;;;;;;;;;0.08;;;;;
46;220;9;27;46220009_27_M;2015;11;;;;;;;;;;0.12;;;;;;;;0.21;;;;;;;;0.01;;0.14;;;
46;250;50;27;46250050_27_M;2015;11;0.04;0.04;;;;;;;;0.07;;;;;;;;0.09;;;;;;;;0.01;;;;;
46;190;5;27;46190005_27_M;2015;11;0.04;0.04;;;;;;;;0.15;;;;;;;;0.4;;;;;;;;0.01;;;;;
46;17;2;27;46017002_27_M;2015;11;;;;;;;;0.04;;;;;;;;;;;;;;;;;;;;;;;
3;65;6;27;03065006_27_M;2015;11;;;;;;;;0.04;0.04;;;;;;;;0.04;;;;;;;;;;;;;;
3;9;6;27;03009006_27_M;2015;11;;;;;;;;0.04;0.04;;;;;;;;;;;;;;;;;;;;;;
3;14;6;27;03014006_27_M;2015;11;;;;;;0.04;;0.04;;;;;;;;;0.09;;;;;;;;;;;;;;
3;65;7;27;03065007_27_M;2015;11;;;;;;0.0;;0.04;0.04;;;;;0.0;;;;;;;;;;;;;;;;;
12;40;15;27;12040015_27_M;2015;11;0.04;0.04;;;;;;;;0.08;;;;;;;;0.11;;;;;;;;0.01;;;;;
46;190;5;27;46190005_27_M;2015;12;;;;0.01;;;;;;;;0.3;;;;;;;;0.19;0.2;;;;;;;;0.17;;
46;250;50;27;46250050_27_M;2015;12;;;;0.49;;;;;;;;0.37;;;;;;;;0.27;;;;;;;;;0.23;;
12;32;5;27;12032005_27_M;2015;12;;0.14;;;;;;;;;;0.13;;;;;;;;0.14;0.16;;;;;;;;0.2;;
12;40;15;27;12040015_27_M;2015;12;;;;0.18;;;;;;;;0.32;;;;;;;;0.09;0.22;;;;;;;;0.23;;
46;220;9;27;46220009_27_M;2015;12;;;;0.26;;;;;;;;0.18;;;;;;;0.0;0.14;0.13;;;;;;;;;;
31;201;13;27;31201013_27_M;2015;7;;0.0915;;;;;;0.091;;;;;;0.0915;;;;;;;;0.091;;;;;;0.0915;;;
31;201;13;27;31201013_27_M;2015;6;;;;;;;;;;;;;;;;;;;;0.0915;;;;;;0.0915;;;;;
31;201;13;27;31201013_27_M;2015;4;;;;;;;;;;;;;;;0.092;;;;;;;;0.092;;;;;;;;
31;201;13;27;31201013_27_M;2015;5;0.092;;;;;;;;0.092;;;;;;;;0.092;;;;;;;;0.092;;;;;;
31;201;13;27;31201013_27_M;2015;1;;0.1945;;;0.1945;;;;;;;;;;;;;;;;;;;;;;;;;;0.0925
31;201;13;27;31201013_27_M;2015;2;;;;;;;0.0925;;;;;;;0.0925;;;;;;;0.0925;;;;;;;;;;
31;201;13;27;31201013_27_M;2015;3;;;0.0925;;;;;;;0.0925;;;;;;;;;;;;;;;;;0.0925;;;;0.0925
31;201;13;27;31201013_27_M;2015;11;0.0905;;;;;;;;0.364;;;;;;;;;;;;;0.0905;;;;;;0.091;;;
31;201;13;27;31201013_27_M;2015;12;0.364;;;0.545;;;0.1825;;;0.182;;;0.182;;;0.569;;;0.1835;;;0.1825;;;;;;0.183;;;
31;201;13;27;31201013_27_M;2015;10;;;;;;;;0.091;;;;;;;;0.091;;;;;;;;0.091;;;;;;;
31;201;13;27;31201013_27_M;2015;9;;;;;;0.091;;;;;;;;0.091;;;;;;;;0.091;;;;;;;;0.091;
31;201;13;27;31201013_27_M;2015;8;;;;0.0915;;;;;0.0915;;;;;;;;;;;;;;;;;;;;0.091;;
28;92;5;27;28092005_27_M;2015;1;;;;;;;0.28;0.24;;;;;0.17;0.26;;0.05;;;0.1;;;0.13;0.38;;;;0.28;0.13;;0.05;
28;148;4;27;28148004_27_M;2015;1;;;;;;;;0.21;0.18;;;;0.2;0.28;;0.18;;;0.13;;;0.06;0.05;;;;0.09;0.23;;0.05;
28;148;4;27;28148004_27_M;2015;2;;0.06;;0.05;0.05;;;;0.09;0.13;;;;;;0.05;0.05;;0.12;;;;0.05;;0.06;0.2;;;;;
28;92;5;27;28092005_27_M;2015;2;;0.05;;0.05;0.05;;;;;0.08;;0.24;;;;;;0.09;0.2;;;;0.05;0.05;;0.05;0.05;;;;
28;16;1;27;28016001_27_M;2015;3;;;;;;;;;;;;;;;;;;;;;;;;;;0.05;;0.05;;;
28;148;4;27;28148004_27_M;2015;3;;0.09;0.12;;0.05;0.12;;;;0.09;0.09;;0.05;;;0.12;;0.05;;;;;0.05;;0.05;0.07;;;;;
28;92;5;27;28092005_27_M;2015;3;;0.11;0.1;;0.1;0.22;;;;0.13;0.18;;0.05;;;0.12;;0.05;;;;;0.05;;0.06;0.05;;;;;
28;16;1;27;28016001_27_M;2015;4;;;;;;;;0.05;;;;;;0.05;;;;;;;0.05;;;0.05;;;0.05;0.05;0.05;0.05;
28;92;5;27;28092005_27_M;2015;4;;;;;;0.05;0.05;;0.05;0.05;;;;0.05;0.05;;0.05;;;0.05;;0.05;0.05;;;;0.05;0.05;;;
28;148;4;27;28148004_27_M;2015;4;;;;;;0.05;0.05;;0.05;0.05;;;;0.05;0.05;;0.05;;;0.05;;0.05;0.05;;;;0.05;0.05;;0.05;
28;92;5;27;28092005_27_M;2015;5;;;;0.05;0.05;;;0.05;;;0.07;;0.05;;;;;0.05;;0.05;0.06;;;;0.05;0.05;;;0.05;;
28;148;4;27;28148004_27_M;2015;5;;;;0.05;;;0.05;0.05;;;;0.05;0.05;;;;;0.05;0.05;;;0.05;;;0.05;;;0.05;0.05;;
28;16;1;27;28016001_27_M;2015;5;;;;0.05;0.05;0.05;;;;;;;;;0.05;;;;;;0.05;;;;;;0.05;;0.05;;
28;148;4;27;28148004_27_M;2015;6;;0.05;0.05;;;;;;0.05;0.05;;;;;0.05;;0.05;;0.05;;;;;0.05;;;;;;0.05;
28;92;5;27;28092005_27_M;2015;6;0.05;;0.05;;;;;0.06;;0.05;0.05;;;;0.05;;0.06;;0.05;;;0.05;;;;;;;;0.05;
28;16;1;27;28016001_27_M;2015;6;;;0.05;;;;;;0.05;;;;0.05;;;0.05;;;0.05;;;;;0.05;;;;;0.05;;
28;16;1;27;28016001_27_M;2015;7;;;0.05;;;;0.05;;0.05;;0.05;;;;0.05;;;;;;;;;0.05;;;;0.05;;;
28;148;4;27;28148004_27_M;2015;7;0.05;;;;0.05;0.05;;0.05;;;;;0.05;;0.05;;;0.05;;;0.05;0.05;;;;;0.05;0.05;;;
28;92;5;27;28092005_27_M;2015;7;0.05;;0.05;;;0.05;;;0.05;;;;0.05;;;0.05;0.05;;;;0.05;0.05;;;;;;;0.07;0.05;
28;92;5;27;28092005_27_M;2015;8;;;0.05;0.05;;;0.05;;;0.05;;0.05;0.05;;;;;;;;;;;;0.05;;;;;0.09;
28;148;4;27;28148004_27_M;2015;8;;;0.05;0.05;;;0.05;;;0.05;;0.05;;;;;;;;;;;;;;;;;;;
28;16;1;27;28016001_27_M;2015;8;;;;;0.05;;;;;;;;;0.05;;;;;0.05;;;;;;0.05;;;;;;
28;92;5;27;28092005_27_M;2015;9;;;0.05;;;;0.05;;;;0.06;;;0.05;;;0.16;0.1;;;;;0.12;0.05;;;;;;0.12;
28;148;4;27;28148004_27_M;2015;9;0.05;;0.05;;0.05;;;0.05;;;0.05;;;;0.05;;0.05;;;;;0.05;0.05;;;;;;0.05;0.05;
28;16;1;27;28016001_27_M;2015;9;;0.05;;;;;;0.05;;;;;;;;;0.05;;;;;0.05;;;0.05;;;0.05;;;
28;148;4;27;28148004_27_M;2015;10;;;;;0.05;0.08;;;;0.05;;;;0.05;;;;;;;0.06;;0.19;;;;0.05;;0.1;;
28;92;5;27;28092005_27_M;2015;10;0.05;;;;0.05;0.07;;;;;;;;0.07;0.07;;;;;;;;;0.08;;0.05;;;;0.05;
28;16;1;27;28016001_27_M;2015;10;;0.05;;;;;0.05;;;;;;0.05;;;;;;;;0.05;;;;;;;0.05;;;
28;92;5;27;28092005_27_M;2015;11;0.05;;;;0.1;;0.1;;;;0.15;;0.09;;;;0.26;;0.23;;;;0.14;;0.05;;;;0.05;;
28;148;4;27;28148004_27_M;2015;11;;0.05;;0.22;;;;0.13;;0.2;;;;0.23;;0.28;;;;0.15;;0.13;;;;0.05;;0.16;;;
28;16;1;27;28016001_27_M;2015;11;;0.05;;;0.05;;;;;;;0.05;;;;;0.05;;;;;;;;;;;;;;
28;148;4;27;28148004_27_M;2015;12;;0.55;;0.44;;;;0.22;;0.05;;;;0.37;;0.29;;0.35;0.38;;;;;;;;;;;;
28;92;5;27;28092005_27_M;2015;12;0.35;;;;0.21;;0.27;;;;0.09;;0.24;;;;0.39;;0.23;;;;;;;;;;;;
28;16;1;27;28016001_27_M;2015;12;;;0.05;;;;;;;;;;;;;;;;;;;;;;;;;;;;
8;19;28;27;08019028_27_M;2015;11;;0.08;;0.18;;;0.4;;0.23;;0.49;;;0.11;;0.8;;0.78;;;0.07;;0.23;;0.33;;;0.31;;0.4;
8;19;45;27;08019045_27_M;2015;11;;0.05;;0.07;;;0.19;;0.11;;0.28;;;0.08;;0.38;;0.4;;;0.05;;0.18;;0.22;;;0.19;;0.33;
8;19;54;27;08019054_27_M;2015;11;;0.05;;0.05;;;0.26;;0.05;;0.21;;;0.06;;0.17;;0.27;;;0.05;;0.13;;0.22;;;0.16;;0.16;
8;19;55;27;08019055_27_M;2015;11;;;;0.18;;;0.24;;0.24;;0.19;;;0.1;;0.4;;0.4;;;0.05;;0.23;;0.24;;;0.35;;0.44;
8;19;4;27;08019004_27_M;2015;11;;0.05;;0.18;;;0.15;;0.25;;0.34;;;0.2;;0.32;;0.52;;;0.05;;0.27;;0.38;;;0.56;;0.63;
8;19;42;27;08019042_27_M;2015;11;;0.05;;;;;;;;;;;;0.08;;0.06;;0.39;;;;;0.19;;;;;0.22;;0.36;
8;19;43;27;08019043_27_M;2015;11;;0.08;;0.17;;;0.49;;0.23;;0.57;;;0.11;;0.9;;0.94;;;0.11;;0.28;;0.51;;;0.42;;0.37;
8;19;44;27;08019044_27_M;2015;11;;0.05;;0.15;;;0.37;;0.25;;0.32;;;0.15;;0.6;;0.7;;;0.05;;0.23;;0.37;;;0.34;;0.46;
8;19;53;27;08019053_27_M;2015;11;0.05;;0.05;;0.05;;0.07;;0.05;;0.26;;0.06;;0.09;;0.14;;0.2;;0.05;;0.15;;0.17;;0.08;;0.06;;
25;51;1;27;25051001_27_M;2015;11;0.21;;0.14;;0.55;;0.66;;0.41;;;;;;0.26;;0.36;;0.55;;2.08;;;;1.68;;1.4;;2.1;;
8;22;6;27;08022006_27_M;2015;11;0.14;;;;0.14;;;;;;0.14;;;;;;;;0.18;;;;;;0.24;;;;;;
17;22;2;27;17022002_27_M;2015;11;0.14;;;;;;;0.14;;;;0.29;;;;;;0.46;;;;;;;;0.63;;;;;
43;47;1;27;43047001_27_M;2015;11;;;;0.14;;;;;;;;0.14;;;;;;0.14;;;;;;;;0.14;;;;;
8;96;14;27;08096014_27_M;2015;11;;0.14;;0.23;0.14;;;;0.24;0.3;;0.14;;;;0.64;0.76;0.59;;;;;0.38;0.39;0.63;;;;;1.33;
8;102;5;27;08102005_27_M;2015;11;;0.1;;;;;;;;;;;0.06;;;;;;0.11;;;;;;;;;;0.61;;
25;120;1;27;25120001_27_M;2015;11;;;;;0.49;;;;;;0.14;;;;;;;;0.29;;;;;;0.69;;;;;;
8;112;3;27;08112003_27_M;2015;11;0.38;;1.81;;3.2;;1.39;;;;1.39;;2.09;;0.47;;0.14;;1.11;;3.06;;;;4.59;;3.06;;4.17;;
8;125;12;27;08125012_27_M;2015;11;;;0.06;;;;;;;;0.18;;;;;;0.73;;;;;;;0.3;;;;;;;
8;202;1;27;08202001_27_M;2015;11;;;;;0.08;;;;0.18;;;;;;;;;0.97;;;;;1.0;;;;;;;;
43;44;3;27;43044003_27_M;2015;11;;;;;0.14;;;;;;0.14;;;;;;;;;;0.14;;;;0.14;;;;;;
8;282;1;27;08282001_27_M;2015;11;;;;0.14;;;;;;;;0.14;;;;;0.14;;;;;;;;;;;;0.24;;
8;307;6;27;08307006_27_M;2015;11;;;;;;0.12;;;;;;0.06;;;;;0.12;;;;;;;;;;0.3;;;;
8;19;28;27;08019028_27_M;2015;12;;0.73;;;0.97;;0.36;;0.25;;;0.18;;0.63;;;;;0.55;;0.05;;0.23;;;0.56;;0.55;;0.14;
8;19;45;27;08019045_27_M;2015;12;;0.38;;;0.34;;0.22;;0.14;;;0.17;;0.5;;0.48;;;0.21;;0.12;;0.08;;;0.14;;;;0.15;
8;19;54;27;08019054_27_M;2015;12;;0.49;;;0.34;;0.15;;0.08;;;0.09;;0.4;;0.47;;;0.35;;0.08;;0.08;;;0.2;;0.11;;0.08;
8;19;55;27;08019055_27_M;2015;12;;0.81;;;0.97;;0.43;;0.32;;;0.22;;0.64;;0.95;;;0.67;;0.15;;0.16;;;0.26;;0.5;;0.22;
8;19;4;27;08019004_27_M;2015;12;;0.88;;;1.14;;0.78;;0.39;;;0.39;;0.95;;1.01;;;0.82;;0.19;;0.32;;;0.5;;0.75;;0.3;
8;19;42;27;08019042_27_M;2015;12;;;;;0.5;;0.41;;0.22;;;0.2;;0.6;;0.55;;;0.31;;0.17;;0.14;;;0.21;;0.2;;0.14;
8;19;43;27;08019043_27_M;2015;12;;0.86;;;0.91;;0.35;;0.35;;;0.2;;0.6;;;;;0.44;;;;0.24;;;0.27;;0.55;;0.15;
8;19;44;27;08019044_27_M;2015;12;;0.85;;;0.59;;0.17;;0.17;;;0.18;;0.68;;0.89;;;0.38;;0.14;;0.17;;;0.35;;0.24;;0.16;
8;19;53;27;08019053_27_M;2015;12;0.18;;0.18;;0.18;;0.09;;0.06;;0.08;;0.06;;0.24;;0.24;;0.37;;0.08;;0.05;;0.07;;0.07;;0.07;;0.1
25;51;1;27;25051001_27_M;2015;12;;;1.54;;2.23;;1.39;;1.95;;1.67;;;;2.36;;1.25;;1.41;;1.83;;2.1;;;;1.68;;2.38;;
8;22;6;27;08022006_27_M;2015;12;0.34;;;;;;;;0.17;;;;;;;;0.25;;;;;;0.4;;;;;;;;0.26
17;22;2;27;17022002_27_M;2015;12;;1.53;;;;;;0.57;;;;;;;;1.81;;;;;;;;0.43;;;;0.38;;;
43;47;1;27;43047001_27_M;2015;12;;0.67;;;;;;;;;;0.27;;;;;;;;0.14;;;;0.14;;;;;;;
8;96;14;27;08096014_27_M;2015;12;1.69;0.96;;;;;1.09;;0.57;1.07;;;;1.67;0.68;;0.96;;;;0.82;0.63;0.66;;;;;2.05;0.68;0.82;
8;102;5;27;08102005_27_M;2015;12;;;;0.37;;;;;0.55;;;;;;;0.49;;;;;;;0.43;;;;;;;0.24;
25;120;1;27;25120001_27_M;2015;12;;;;2.22;;;;;;0.33;;;;;;2.78;;;;;;;;0.17;;;;;;0.21;
8;112;3;27;08112003_27_M;2015;12;;8.34;;5.15;;2.23;;3.06;;2.36;;4.31;;4.59;;11.13;;2.09;;;;1.97;;3.76;;4.59;;4.73;;1.95;
8;125;12;27;08125012_27_M;2015;12;1.76;;;;;;;;;1.04;;;;;;;1.46;;;;;0.67;;;;;;;0.43;;
8;202;1;27;08202001_27_M;2015;12;;;1.58;;;;;;0.79;;;;;1.09;;;;;;;;;;;;;0.55;0.79;;;
43;44;3;27;43044003_27_M;2015;12;;;0.14;;;;;;;;0.14;;;;0.14;;;;;;;;;;0.14;;;;;;0.14
8;282;1;27;08282001_27_M;2015;12;0.21;;;;;;;;;0.14;;;;;;;0.31;;;;;;0.14;;;;;;0.14;;
8;307;6;27;08307006_27_M;2015;12;;;;0.43;;;;;;;;0.36;;;;;;;0.18;;0.07;;;;;;;0.12;;;
13;71;15;27;13071015_27_M;2015;4;;;;;;;;;;;;;;;;;;;;;0.0434;;;;;;;;0.0513;;
13;71;15;27;13071015_27_M;2015;5;;;;;;;0.0242;;;;;;;0.0396;;;;;;;;;;0.0061;;;;0.0067;;;
13;71;15;27;13071015_27_M;2015;6;;;;;;0.0197;;;;;;0.004;;;;;;;;;;;;;;;;;;;
13;71;15;27;13071015_27_M;2015;7;;;;;;;;;;;;;;;;;;;;;;0.037;;;;;;;;0.0728;
13;71;15;27;13071015_27_M;2015;8;;;;0.0207;;;;;0.0107;;;;;;;0.0292;;;;;0.0826;;;;;;;;;;
13;71;15;27;13071015_27_M;2015;9;;;0.0476;;;;;;;;;;;;;;;;;;;;;;;;;0.0341;;;
13;71;15;27;13071015_27_M;2015;10;;;;;;;;;;;;;;;;;;;;;;;;;;;0.0068;;;;
13;71;15;27;13071015_27_M;2015;11;;;;;;;;;;0.39;;;;;;;;0.94;;;;;;;;;;;;;
13;71;15;27;13071015_27_M;2015;12;1.91;;;;;;;;;1.99;;;;;0.071;;;;;;;;;;;;;;;;
45;168;2;27;45168002_27_M;2015;4;;;;;;;;;;;;;;;;;;0.0091;;;;;;;;;;;;;
45;168;2;27;45168002_27_M;2015;5;;0.0059;;;;;;;;;;0.0079;;;;;;;;;;0.0065;;;;;;0.0054;;;
45;168;2;27;45168002_27_M;2015;6;;;;0.0081;;;;;;;0.0065;;;;;0.0043;;;;;;;;;;0.0088;;;;;
45;168;2;27;45168002_27_M;2015;7;;;;;;;0.0099;;;;;;;;;;;;;;;;;;;0.0063;;;;;
45;168;2;27;45168002_27_M;2015;8;;0.0495;;;;;;;;0.0091;;;;;;;0.005;;;;;;;;0.0043;;;;;;
45;168;2;27;45168002_27_M;2015;9;;0.0051;;;;;;;0.0074;;;;;;;;;;;;;0.0098;;;;;;;0.0019;;
45;168;2;27;45168002_27_M;2015;10;;;;;;;0.008;;;;;;0.0073;;;;;;;;0.18;;;;;;;0.0099;;;
45;168;2;27;45168002_27_M;2015;11;;;;0.047;;;;;;;0.16;;;;;;;0.35;;;;;;;0.057;;;;;;
45;168;2;27;45168002_27_M;2015;12;;;;;;;;0.33;;;;;;;;;;;;;;;;;;;;;;;
4;13;4;27;04013004_27_M;2015;1;;;0.33;;;;;;0.33;;;;;;0.33;;;;;;0.33;;;;;;0.33;;;;
4;13;4;27;04013004_27_M;2015;2;;0.35;;;;;;0.35;;;;;;0.35;;;;;;;;;;0.35;;0.35;;;;;
4;13;4;27;04013004_27_M;2015;3;;;;0.06;;;;;;0.06;;;;;;0.06;;;;;;0.06;;;;;;0.06;;;
4;13;4;27;04013004_27_M;2015;4;;;0.02;;;;;;0.02;;;;;;0.02;;;;;;0.02;;;;;;0.02;;;;
4;13;4;27;04013004_27_M;2015;5;;;0.02;;;;;;0.02;;;;;;0.02;;;;;;0.02;;;;;;0.02;;;;
4;13;4;27;04013004_27_M;2015;7;;0.01;;;;;;0.01;;;;;;0.01;;;;;;0.01;;;;;;0.01;;;;;
4;13;4;27;04013004_27_M;2015;9;;;;;;0.01;;;;;;0.01;;;;;;0.01;;;;;;0.01;;;;;;0.01;
4;13;4;27;04013004_27_M;2015;10;;;;;;0.01;;;;;;0.01;;;;;;0.01;;;;;;0.01;;;;;;0.01;
4;13;4;27;04013004_27_M;2015;11;;;;;0.07;;;;;;0.07;;;;;;0.07;;;;;;0.07;;;;;;0.07;;
4;13;4;27;04013004_27_M;2015;12;;;;;0.24;;;;;;0.24;;;;;;0.24;;;;;;0.24;;;;;;0.24;;
11;8;1;27;11008001_27_M;2015;1;;;;;;;;;;;;;;;0.1;;;;;;;;;;;;;;;;0.1
11;8;1;27;11008001_27_M;2015;2;;;0.1;;;;;;;;;;;0.1;;;0.02;;;;;;;0.02;;0.02;;0.02;;;
11;8;1;27;11008001_27_M;2015;3;;;;0.04;;;;;;0.04;;;;;;0.04;;;;;;;;;;0.04;;;;;
11;8;1;27;11008001_27_M;2015;4;;;0.02;;;;;;0.02;;;;;;0.02;;;;;;0.02;;;;;;;;;;
11;8;1;27;11008001_27_M;2015;6;;0.01;;;;;;0.01;;;;;;0.01;;;;;;0.01;;;;;;0.01;;;;;
11;8;1;27;11008001_27_M;2015;7;;0.01;;;;;;0.01;;;;;;;;;;;;0.01;;;;;;0.01;;;;;
11;8;1;27;11008001_27_M;2015;8;;;;;;;0.01;;;;;;;;;;;;;;;;;;;;0.01;;;;
11;8;1;27;11008001_27_M;2015;9;;;;;0.01;;;;;;0.01;;;;;;;0.01;;;;;;;0.01;;;;;0.01;
11;8;1;27;11008001_27_M;2015;11;;;;;;0.08;;;;;0.08;;;;;;;;;;;;;0.08;;0.08;;;0.08;;
14;21;7;27;14021007_27_M;2015;1;;;0.44;;;;;;0.44;;;;;;0.44;;;;;;0.44;;;;;;0.44;;;;
14;21;7;27;14021007_27_M;2015;2;;0.13;;;;;;0.13;;;;;;0.13;;;;;;0.13;;;;;;0.13;;;;;
14;21;7;27;14021007_27_M;2015;3;;;;0.13;;;;;;0.13;;;;;;0.13;;;;;;0.13;;;;;;0.13;;;
14;21;7;27;14021007_27_M;2015;4;;;0.02;;;;;;0.02;;;;;;;0.02;;;;;0.02;;;;;;0.02;;;;
14;21;7;27;14021007_27_M;2015;5;;;0.02;;;;;;0.02;;;;;;;0.02;;;;;0.02;;;;;;0.02;;;;
14;21;7;27;14021007_27_M;2015;6;;0.01;;;;;;0.01;;;;;;0.01;;;;;;0.01;;;;;;0.01;;;;;
14;21;7;27;14021007_27_M;2015;8;0.01;;;;;;0.01;;;;;;0.01;;;;;;0.01;;;;;;0.01;;;;;;
14;21;7;27;14021007_27_M;2015;9;;;;;;0.01;;;;;;0.01;;;;;;0.01;;;;;;0.01;;;;;;0.01;
14;21;7;27;14021007_27_M;2015;10;;;;;;0.01;;;;;;0.01;;;;;;0.01;;;;;;0.01;;;;;;0.01;
14;21;7;27;14021007_27_M;2015;11;;;;;0.33;;;;;;0.33;;;;;;0.33;;;;;;0.33;;;;;;0.33;;
18;87;7;27;18087007_27_M;2015;12;;;;;0.97;;;;;;0.97;;;;;;0.97;;;;;;0.97;;;;;;0.97;;
18;87;7;27;18087007_27_M;2015;1;;;0.82;;;;;;0.82;;;;;;0.82;;;;;;0.82;;;;;;0.82;;;;
18;87;7;27;18087007_27_M;2015;2;;0.29;;;;;;;;;;;;0.29;;;;;;0.29;;;;;;;;0.29;;;
18;87;7;27;18087007_27_M;2015;4;;;0.07;;;;;;0.07;;;;;;0.07;;;;;;0.07;;;;;;0.07;;;;
18;87;7;27;18087007_27_M;2015;6;;0.02;;;;;;0.02;;;;;;0.02;;;;;;0.02;;;;;;0.02;;;;;
18;87;7;27;18087007_27_M;2015;7;;;;;;;;0.04;;;0.04;;;0.04;;;;;;0.04;;;;;;0.04;;;;;
18;87;7;27;18087007_27_M;2015;8;0.01;;;;;;0.01;;;;;;;0.01;;;;;0.01;;;;;;;;;0.01;;;
18;87;7;27;18087007_27_M;2015;10;;;;;;;;;;;;0.01;;;;;;;;;0.01;;;0.01;;;;;;0.01;
29;67;6;27;29067006_27_M;2015;1;;;;;;;;;0.05;;;;;;0.05;;;;;;;;;;;;;;;;
29;67;6;27;29067006_27_M;2015;3;;;;;;;;;;;;;;;;;;0.02;;;;;;0.02;;0.02;;0.02;;;
29;67;6;27;29067006_27_M;2015;4;;;;;;;;;;;;;;;;0.03;;;;;;;;;0.03;;;0.03;;0.03;
29;67;6;27;29067006_27_M;2015;5;;;;;;;;;;;;;;0.02;;0.02;;;0.02;;0.02;;;;;;0.02;;;;
29;67;6;27;29067006_27_M;2015;6;;0.01;;;;;;;0.01;;;;;0.01;;;;;;0.01;;;;;;0.01;;;;;
29;67;6;27;29067006_27_M;2015;7;;;0.01;;;;;;;;;;;;;;;;;;;;;;;0.01;;0.01;;0.01;
29;67;6;27;29067006_27_M;2015;8;0.01;;;;;;0.01;;;;;;;;;;;;;;;;;;;;0.01;;0.01;;
29;67;6;27;29067006_27_M;2015;9;;;;;;;;;;0.01;;0.01;;;;;;0.01;;;;;;0.01;;;;;;;
23;10;2;27;23010002_27_M;2015;1;;;1.35;;;;;;1.35;;;;;;1.35;;;;;;1.35;;;;;;1.35;;;;
23;10;2;27;23010002_27_M;2015;3;;;;0.21;;;;;;;;;;;;0.21;;;;;;0.21;;;;;;0.21;;;
23;10;2;27;23010002_27_M;2015;4;;;0.04;;;;;;0.04;;;;;;0.04;;;;;;;;;;;;0.04;;;;
23;10;2;27;23010002_27_M;2015;5;;;0.02;;;;;;0.02;;;;;;0.02;;;;;;0.02;;;;;;0.02;;;;
23;10;2;27;23010002_27_M;2015;7;;0.01;;;;;;0.01;;;;;;;;;0.01;;;;0.01;;;;;0.01;;;;;
23;10;2;27;23010002_27_M;2015;8;0.01;;;;;;0.01;;;;;;0.01;;;;;;0.01;;;;;;0.01;;;;;;
23;10;2;27;23010002_27_M;2015;10;;;;;;0.01;;;;;;;;;;;;0.01;;;;;;0.01;;;;;;0.01;
23;10;2;27;23010002_27_M;2015;11;;;;;0.42;;;;;;0.42;;;;;;0.42;;;;;;0.42;;;;;;0.42;;
23;10;2;27;23010002_27_M;2015;12;;;;;0.99;;;;;;0.99;;;;;;0.99;;;;;;0.99;;;;;;;;
14;68;1;27;14068001_27_M;2015;2;;0.02;;;;;;0.02;;;;;;0.02;;;;;;0.02;;;;;;0.02;;;;;
14;68;1;27;14068001_27_M;2015;3;;;;0.02;;;;;;0.02;;;;;;0.02;;;;;;0.02;;;;;;0.02;;;
14;68;1;27;14068001_27_M;2015;4;;;0.02;;;;;;0.02;;;;;;0.02;;;;;;;;0.02;;;;0.02;;;;
14;68;1;27;14068001_27_M;2015;6;;0.01;;;;;;0.01;;;;;;0.01;;;;;;0.01;;;;;;0.01;;;;;
14;68;1;27;14068001_27_M;2015;7;;0.01;;;;;;0.01;;;;;;0.01;;;;;;0.01;;;;;;0.01;;;;;
14;68;1;27;14068001_27_M;2015;8;0.01;;;;;;0.01;;;;;;0.01;;;;;;0.01;;;;;;0.01;;;;;;
14;68;1;27;14068001_27_M;2015;9;;;;;;0.01;;;;;;0.01;;;;;;0.01;;;;;;0.01;;;;;;0.01;
14;68;1;27;14068001_27_M;2015;10;;;;;;0.01;;;;;;0.01;;;;;;0.01;;;;;;0.01;;;;;;0.01;
14;68;1;27;14068001_27_M;2015;11;;;;;0.02;;;;;;0.02;;;;;;0.02;;;;;;;;;;;;;;
41;88;1;27;41088001_27_M;2015;1;;;0.69;;;;;;0.69;;;;;;0.69;;;;;;0.69;;;;;;0.69;;;;
41;88;1;27;41088001_27_M;2015;2;;0.69;;;;;;0.69;;;;;;0.69;;;;;;0.69;;;;;;0.69;;;;;
41;88;1;27;41088001_27_M;2015;3;;;;0.31;;;;;;0.31;;;;;;0.31;;;;;;;;0.31;;;;0.31;;;
41;88;1;27;41088001_27_M;2015;5;;;0.69;;;;;;0.69;;;;;;0.69;;;;;;0.69;;;;;;0.69;;;;
41;88;1;27;41088001_27_M;2015;6;;0.01;;;;;;0.01;;;;;;0.01;;;;;;0.01;;;;;;0.01;;;;;
41;88;1;27;41088001_27_M;2015;7;;0.01;;;;;;;;;;;;0.01;;;;;;0.01;;;;;;0.01;;;;;
41;88;1;27;41088001_27_M;2015;8;0.01;;;;;;0.01;;;;;;0.01;;;;;;0.01;;;;;;0.01;;;;;;
41;88;1;27;41088001_27_M;2015;9;;;;;;0.07;;;;;;0.07;;;;;;0.07;;;;;;0.07;;;;;;0.07;
41;88;1;27;41088001_27_M;2015;10;;;;;;0.01;;;;;;0.01;;;;;;0.01;;;;;;0.01;;;;;;0.01;
41;88;1;27;41088001_27_M;2015;11;;;;;;;;;;;;;1.1;;1.1;;;;1.1;;;;1.1;;;;;;1.1;;
41;88;1;27;41088001_27_M;2015;12;;;;;0.46;;;;;;0.46;;;;;;0.46;;;;;;;0.46;;;;;0.46;;
11;31;1;27;11031001_27_M;2015;1;;;0.24;;;;;;;;;;;;;;0.24;;;;0.24;;;;;;0.24;;;;
11;31;1;27;11031001_27_M;2015;2;;0.05;;;;;;0.05;;;;;;0.05;;;;;;0.05;;;;;;0.05;;;;;
11;31;1;27;11031001_27_M;2015;3;;;;0.03;;;;;;0.03;;;;;;0.03;;;;;;0.03;;;;;;0.03;;;
11;31;1;27;11031001_27_M;2015;5;;;0.02;;;;;;0.02;;;;;;0.02;;;;;;0.02;;;;;;0.02;;;;
11;31;1;27;11031001_27_M;2015;7;;0.01;;;;;;0.01;;;;;;0.01;;;;;;0.01;;;;;;0.01;;;;;
11;31;1;27;11031001_27_M;2015;9;;;;;;0.01;;;;;;0.01;;;;;;0.01;;;;;;0.01;;;;;;0.01;
11;31;1;27;11031001_27_M;2015;10;;;;;;0.01;;;;;;0.01;;;;;;0.01;;;;;;0.01;;;;;;0.01;
11;31;1;27;11031001_27_M;2015;11;;;;;;0.05;;;;;0.05;;;;;;0.05;;;;;;0.05;;;;;;0.05;;
11;31;1;27;11031001_27_M;2015;12;;;;;0.1;;;;;;0.1;;;;;;0.1;;;;;;0.1;;;;;;0.1;;
41;91;16;27;41091016_27_M;2015;1;;;0.35;;;;;;0.35;;;;;;0.35;;;;;;0.35;;;;;;0.35;;;;
41;91;16;27;41091016_27_M;2015;2;;0.1;;;;;;0.1;;;;;;0.1;;;;;;0.1;;;;;;0.1;;;;;
41;91;16;27;41091016_27_M;2015;3;;;;0.06;;;;;;0.06;;;;;;0.06;;;;;;0.06;;;;;;0.06;;;
41;91;16;27;41091016_27_M;2015;4;;;0.02;;;;;;0.02;;;;;;0.02;;;;;;0.02;;;;;;;0.02;;;
41;91;16;27;41091016_27_M;2015;5;;;0.06;;;;;;0.06;;;;;;0.06;;;;;;0.06;;;;;;0.06;;;;
41;91;16;27;41091016_27_M;2015;6;;0.04;;;;;;0.04;;;;;;;;;;;;0.04;;;;;;0.04;;;;;
41;91;16;27;41091016_27_M;2015;7;;0.01;;;;;;0.01;;;;;;;0.01;;;;;0.01;;;;;;0.01;;;;;
41;91;16;27;41091016_27_M;2015;8;0.01;;;;;;0.01;;;;;;0.01;;;;;;0.01;;;;;;0.01;;;;;;
41;91;16;27;41091016_27_M;2015;9;;;;;;0.01;;;;;;0.01;;;;;;0.01;;;;;;0.01;;;;;;0.01;
41;91;16;27;41091016_27_M;2015;10;;;;;;0.01;;;;;;0.01;;;;;;0.01;;;;;;0.01;;;;;;0.01;
41;91;16;27;41091016_27_M;2015;12;;;;;0.33;;;;;;0.33;;;;;;0.33;;;;;;0.33;;;;;;0.33;;
4;32;5;27;04032005_27_M;2015;1;;;0.11;;;;;;0.11;;;;;;0.11;;;;;;0.11;;;;;;0.11;;;;
4;32;5;27;04032005_27_M;2015;2;;0.06;;;;;;0.06;;;;;;0.06;;;;;;0.06;;;;;;0.06;;;;;
4;32;5;27;04032005_27_M;2015;4;;;0.02;;;;;;0.02;;;;;;0.02;;;;;;;;0.02;;;;0.02;;;;
4;32;5;27;04032005_27_M;2015;5;;;0.02;;;;;;0.02;;;;;;0.02;;;;;;0.02;;;;;;0.02;;;;
4;32;5;27;04032005_27_M;2015;6;;0.01;;;;;;0.01;;;;;;0.01;;;;;;0.01;;;;;;0.01;;;;;
4;32;5;27;04032005_27_M;2015;8;0.01;;;;;;0.01;;;;;;0.01;;;;;;0.01;;;;;;0.01;;;;;;
4;32;5;27;04032005_27_M;2015;9;;;;;;0.01;;;;;;0.01;;;;;;0.01;;;;;;0.01;;;;;;0.01;
4;32;5;27;04032005_27_M;2015;10;;;;;;0.01;;;;;;0.01;;;;;;0.01;;;;;;0.01;;;;;;0.01;
4;32;5;27;04032005_27_M;2015;11;;;;;0.02;;;;;;0.02;;;;;;0.02;;;;;;0.02;;;;;;0.02;;
4;32;5;27;04032005_27_M;2015;12;;;;;0.08;;;;;;0.08;;;;;;0.08;;;;;;0.08;;;;;;0.08;;
21;50;1;27;21050001_27_M;2015;1;;;0.13;;;;;;0.13;;;;;;;0.13;;;;;0.13;;;;;;0.13;;;;
21;50;1;27;21050001_27_M;2015;2;;0.06;;;;;;0.06;;;;;;0.06;;;;;;0.06;;;;;;;;;;;
21;50;1;27;21050001_27_M;2015;3;;;;0.02;;;;;;0.02;;;;;;0.02;;;;;;0.02;;;;;;0.02;;;
21;50;1;27;21050001_27_M;2015;5;;;0.02;;;;;;0.02;;;;;;0.02;;;;;;;;;;;;0.02;;;;
21;50;1;27;21050001_27_M;2015;6;;0.01;;;;;;0.01;;;;;;0.01;;;;;;0.01;;;;;;0.01;;;;;
21;50;1;27;21050001_27_M;2015;7;;0.01;;;;;;0.01;;;;;;0.01;;;;;;;;;;;;0.01;;;;;
21;50;1;27;21050001_27_M;2015;8;;;;;;;0.01;;;;;;0.01;;;;;;0.01;;;;;;0.01;;;;;;
21;50;1;27;21050001_27_M;2015;9;;;;;;0.01;;;;;;0.01;;;;;;0.01;;;;;;0.01;0.01;;;;;;
21;50;1;27;21050001_27_M;2015;10;;;;;;0.01;;;;;;0.01;;;;;;0.01;;;;;;0.01;;;;;;0.01;
21;50;1;27;21050001_27_M;2015;11;;;;;0.02;;;;;;;;;;;;;;;;;;0.02;;;;;;0.02;;
21;50;1;27;21050001_27_M;2015;12;;;;;;0.19;;;;;;0.19;;;;;;0.19;;;;;;0.19;;;;;;0.19;
11;31;1;27;11031001_27_M;2015;6;;0.01;;;;;;0.01;;;;;;0.01;;;;;;0.01;;;;;;0.01;;;;;
11;8;1;27;11008001_27_M;2015;5;;;0.02;;;;;;0.02;;;;;;0.02;;;;;;0.02;;;;;;0.02;;;;
29;67;6;27;29067006_27_M;2015;10;;0.01;;;;;;;;;;0.01;;;;;;;;0.01;;;;0.01;;;0.01;;;;0.01
29;67;6;27;29067006_27_M;2015;11;;;;;0.11;;;;;;;;;;;;;;;;0.11;;;;0.11;;0.11;;;;
11;31;1;27;11031001_27_M;2015;8;0.01;;;;;;0.01;;;;;;0.01;;;;;;0.01;;;;;;0.01;;;;;;
14;68;1;27;14068001_27_M;2015;1;;;0.05;;;;;;0.05;;;;;;0.05;;;;;;0.05;;;;;;0.05;;;;
11;8;1;27;11008001_27_M;2015;12;;;;;;;;;;;;;;;;;;;0.24;;;0.24;;0.24;;;;;;;
4;13;4;27;04013004_27_M;2015;6;;0.01;;;;;;0.01;;;;;;0.01;;;;;;0.01;;;;;;0.01;;;;;
14;21;7;27;14021007_27_M;2015;12;;;;;;0.46;;;;;0.46;;;;;;0.46;;;;;;0.46;;;;;;;0.46;
4;32;5;27;04032005_27_M;2015;3;;;;0.05;;;;;;0.05;;;;;;0.05;;;;;;0.05;;;;;;0.05;;;
18;87;7;27;18087007_27_M;2015;5;;;0.06;;;;;;0.06;;;;;;0.06;;;;;;0.06;;;;;;0.06;;;;
23;10;2;27;23010002_27_M;2015;6;;0.01;;;;;;0.01;;;;;;0.01;;;;;;0.01;;;;;;0.01;;;;;
29;67;6;27;29067006_27_M;2015;12;;;;;0.15;;;;;;0.15;;;;;;0.15;;;;;;0.15;;;;;;0.15;;
4;13;4;27;04013004_27_M;2015;8;0.01;;;;;;0.01;;;;;;0.01;;;;;;0.01;;;;;;0.01;;;;;;
11;8;1;27;11008001_27_M;2015;10;;;;;;0.01;;;;;;;0.01;;;;;;0.01;;;;;0.01;;;;;;;0.01
14;21;7;27;14021007_27_M;2015;7;;0.01;;;;;;;;;;;;0.01;;;;;;0.01;;;;;;0.01;;;;;
18;87;7;27;18087007_27_M;2015;11;;;;;0.6;;;;;;0.6;;;;;;0.6;;;;;;0.6;;;;;;0.6;;
18;87;7;27;18087007_27_M;2015;3;;;;0.21;;;;;;;0.21;;;;;0.21;;;;;;0.21;;;;;;0.21;;;
29;67;6;27;29067006_27_M;2015;2;;;;;0.02;;;;;;;;;;;;;;;;;;;;;0.02;;;;;
23;10;2;27;23010002_27_M;2015;2;;0.51;;;;;;0.51;;;;;;0.51;;;;;;0.51;;;;;;0.51;;;;;
23;10;2;27;23010002_27_M;2015;9;;;;;;0.01;;;;;;0.01;;;;;;0.01;;;;;;;;;;;;0.01;
14;68;1;27;14068001_27_M;2015;5;;;0.02;;;;;;0.02;;;;;;0.02;;;;;;0.02;;;;;;0.02;;;;
14;68;1;27;14068001_27_M;2015;12;;;;;0.02;;;;;;0.02;;;;;;0.02;;;;;;;0.02;;;;;0.02;;
41;88;1;27;41088001_27_M;2015;4;;;0.06;;;;;;0.06;;;;;;0.06;;;;;;0.06;;;;;;0.06;;;;
11;31;1;27;11031001_27_M;2015;4;;;0.02;;;;;;0.02;;;;;;0.02;;;;;;0.02;;;;;;0.02;;;;
41;91;16;27;41091016_27_M;2015;11;;;;;0.13;;;;;;0.13;;;;;;0.13;;;;;;0.13;;;;;;0.13;;
4;32;5;27;04032005_27_M;2015;7;;0.2;;;;;;0.2;;;;;;0.2;;;;;;0.2;;;;;;0.2;;;;;
21;50;1;27;21050001_27_M;2015;4;;;0.02;;;;;;0.02;;;;;;;;;;;;0.02;;;;;;0.02;;;;
39;87;4;27;39087004_27_M;2015;8;0.58;0.14;;0.14;0.14;0.14;0.14;0.14;0.14;0.14;0.14;0.14;0.14;;0.14;0.14;0.14;0.14;0.14;0.14;0.14;0.14;0.14;0.14;0.14;0.14;0.14;0.14;;;
39;87;4;27;39087004_27_M;2015;11;;;;;;0.53;0.14;0.14;0.14;0.14;0.14;0.14;0.14;0.31;0.53;0.54;0.43;0.4;;0.47;0.14;0.14;0.14;0.14;0.14;0.14;0.14;0.14;0.34;1.1;
39;87;4;27;39087004_27_M;2015;12;1.8;1.6;;;;;;;;;;;;;;;;;;;;;;;;;;;;;
39;16;3;27;39016003_27_M;2015;8;;;;;;;;;;;;;;;;;0.15;0.15;0.16;0.15;0.15;;;0.15;0.15;0.15;0.16;0.16;0.17;0.15;
39;16;3;27;39016003_27_M;2015;9;;;;;;;;;;;0.15;0.15;0.14;0.15;0.15;0.14;;;0.14;0.14;0.14;0.14;0.14;0.14;0.14;;;;;;
39;16;3;27;39016003_27_M;2015;11;;;;;;;0.14;0.36;0.14;0.33;0.14;0.42;0.34;0.45;0.4;1.5;0.14;0.87;0.72;0.96;;;;;0.14;0.14;0.14;0.14;0.14;0.65;
39;16;3;27;39016003_27_M;2015;12;2.4;1.7;2.7;0.14;1.1;1.5;0.53;0.14;;;;;;;;;;;;;;;;;;;;;;;
39;87;4;27;39087004_27_M;2015;7;;;;;;;;;;;;;;;;;;;;;;;;;;;;;;;0.14
48;20;6;27;48020006_27_M;2015;1;;;;;;0.591;;;0.623;;;;0.05;;;;0.05;;;;0.05;;;;0.103;;0.05;;0.05;;0.05
48;20;6;27;48020006_27_M;2015;2;;0.05;;0.05;;0.153;;;;0.304;;;;0.05;;;;0.123;;;0.05;;;;;0.05;;;;;
48;20;6;27;48020006_27_M;2015;3;;0.05;;;;0.428;;;;0.206;;;;0.05;;;;0.05;;;;0.05;;;;0.05;;;;0.05;
48;20;6;27;48020006_27_M;2015;4;;;;;;;;;;;0.05;;;;0.05;;;0.05;;;;;;0.05;;;;0.05;;0.05;
48;20;6;27;48020006_27_M;2015;5;;;;0.05;;;;0.05;;;0.05;;;;;0.05;;;;0.05;;;;0.05;;;;0.05;;;
48;20;6;27;48020006_27_M;2015;6;;0.05;;;;0.05;;;;0.05;;;;0.05;;;;0.05;;;;;0.11;;;;;0.05;;;
48;20;6;27;48020006_27_M;2015;7;0.05;;;;0.05;;;;0.05;;;;0.05;;;;0.05;;;;0.05;;;;;0.05;0.05;;0.05;;
48;20;6;27;48020006_27_M;2015;8;;0.05;;;;0.05;;;;0.05;;;;0.05;;;;0.05;;;;0.05;;0.05;;;0.05;;0.05;;
48;20;6;27;48020006_27_M;2015;9;;0.05;;;;0.05;;;;;;0.05;;;;0.05;;;;0.05;;;;0.05;;;;0.05;;;
48;20;6;27;48020006_27_M;2015;10;;0.05;;;;0.05;;;;0.05;;;;0.05;;;;0.05;;;;0.05;;;;0.05;;;;0.05;
7;3;1;27;07003001_27_M;2015;1;;;;;;;;;;;;;;;;;;;;;;;;;;;;;;;
7;3;1;27;07003001_27_M;2015;2;;;;;;;;;;;;;;;;;;;;;;;;;;;;;;;
7;3;1;27;07003001_27_M;2015;3;;;;;;;;;;;;;;;;;;;;;;;;;;;;;;;
7;3;1;27;07003001_27_M;2015;4;;;;;;;;;;;;;;;;;;;;;;;;;;;;;;;
7;3;1;27;07003001_27_M;2015;5;;;;;;;;;;;;;;;;;;;;;;;;;;;;;;;
7;3;1;27;07003001_27_M;2015;6;;;;;;;;;;;;;;;;;;;;;;;;;;;;;;;
7;3;1;27;07003001_27_M;2015;7;;;;;;;;;;;;;;;;;;;;;;;;;;;;;;;
7;3;1;27;07003001_27_M;2015;8;;;;;;;;;;;;;;;;;;;;;;;;;;;;;;;
7;3;1;27;07003001_27_M;2015;9;;;;;;;;;;;;;;;;0.035;0.035;0.035;0.035;0.035;;;;;;;;;;;
7;3;1;27;07003001_27_M;2015;10;;;;;;;;;;;;;;;;;;;;;;;;;;;;;;;
7;3;1;27;07003001_27_M;2015;11;;;;;;;;;;;;;;;;;;;;;;;;;;;;;;;
7;3;1;27;07003001_27_M;2015;12;;;;;;;;;;;;;;;;;;;;;;;;;;;;;;;
7;10;1;27;07010001_27_M;2015;1;;;;;;;;;;;;;;;;;;;;;;;;;;;;;;;
7;10;1;27;07010001_27_M;2015;2;;;;;;;;;;;;;;;;;;;;;;;;;;;;;;;
7;10;1;27;07010001_27_M;2015;3;;;;;;;;;0.024;0.02;0.021;0.025;;;;0.028;0.028;0.029;0.024;;;;0.019;0.022;;;;;;;
7;10;1;27;07010001_27_M;2015;4;;;;;;;;;;;;;;;;;;;;;;;;;;;;;;;
7;10;1;27;07010001_27_M;2015;5;;;;;;;;;;;;;;;;;;;;;;;;;;;;;;;
7;10;1;27;07010001_27_M;2015;6;;;;;;;;;;;;;;;;;;;;;;;;;;;;;;;
7;10;1;27;07010001_27_M;2015;7;;;;;;;;;0.004;;;;0.004;0.004;0.004;0.004;;;;0.004;0.004;0.004;0.004;;;;0.004;;;;
7;10;1;27;07010001_27_M;2015;8;;;;;;;;;;;;;;;;;;;;;;;;;;;;;;;
7;10;1;27;07010001_27_M;2015;9;;;;;;;;;;;;;;;;;;;;;;;;;;;;;;;
7;10;1;27;07010001_27_M;2015;10;;;;;0.004;0.004;0.004;0.004;;;;;0.004;;0.004;;;;0.004;0.004;;0.004;;;;0.004;;;;;
7;10;1;27;07010001_27_M;2015;11;;;;;;;;;;;;;;;;;;;;;;;;;;;;;;;
7;10;1;27;07010001_27_M;2015;12;;;;;;;;;;;;;;;;;;;;;;;;;;;;;;;
7;26;2;27;07026002_27_M;2015;1;;;;;;;;;;;;;;;;;;;;;;;;;;;;;;;
7;26;2;27;07026002_27_M;2015;2;;;;;;;;;;;;;;;;;;;;;;;;;;;;;;;
7;26;2;27;07026002_27_M;2015;3;;;;;;;;;;;;;;;;;;;;;;;;;;;;;;;
7;26;2;27;07026002_27_M;2015;4;;;;;;;;;;;;;;;;;;;;;;;;;;;;;;;
7;26;2;27;07026002_27_M;2015;5;0.035;0.035;0.035;0.035;0.035;;;;;;;;;;;;;;;;;;;;;;;;;;
7;26;2;27;07026002_27_M;2015;6;;;;;;;;;;;;;;;;;;;;;;;;;;;;;;;
7;26;2;27;07026002_27_M;2015;7;;;;;;;;;;;;;;;;;;;;;;;;;;;;;;;
7;26;2;27;07026002_27_M;2015;8;;;;;;;;;;;;;;;;;;;;;;;;;;;;;;;
7;26;2;27;07026002_27_M;2015;9;;;;;;;;;;;;;;;;;;;;;;;;;;;;;;;
7;26;2;27;07026002_27_M;2015;10;;;;;;;;;;;;;;;;;;;;;;;;;;;;;;;
7;26;2;27;07026002_27_M;2015;11;;;;;;;;;;;;;;;;;;;;;;;;;;;;;;;
7;26;2;27;07026002_27_M;2015;12;;;;;;;;;;;;;;;;;;;;;;;;;;;;;;;
7;32;2;27;07032002_27_M;2015;1;;;;;;;;;;;;;;;;;;;;;;;;;;;;;;;
7;32;2;27;07032002_27_M;2015;2;;;;;;;;;;;;;;;;;;;;;;;;;;;;;;;
7;32;2;27;07032002_27_M;2015;3;;;;;;;;;;;;;;;;;;;;;;;;;;;;;;;
7;32;2;27;07032002_27_M;2015;4;;;;;;;;;;;;;;;;;;;;;;;;;;;;;;;
7;32;2;27;07032002_27_M;2015;5;;;;;;;;;;;;;;;;;;;;;;;;;;;;;;;
7;32;2;27;07032002_27_M;2015;6;;;;;;;;;;;;;;;;;;;;;;;;;;;;;;;
7;32;2;27;07032002_27_M;2015;7;;;;;;;;;;;;;;;;;;;;;;;;;;;;;;;
7;32;2;27;07032002_27_M;2015;8;;;;;;;;;;;;;;;;;;;;;;;;;;;;;;;
7;32;2;27;07032002_27_M;2015;9;;;;;;;;;;;;;;;;;;;;;;;;;;;;;;;
7;32;2;27;07032002_27_M;2015;10;;;;;;;;;;;;;;;;;;;;;;;;;;;;;;;
7;32;2;27;07032002_27_M;2015;11;;;;;;;;;;;;;;0.035;0.035;0.035;0.035;0.035;;;;;;;;;;;;;
7;32;2;27;07032002_27_M;2015;12;;;;;;;;;;;;;;;;;;;;;;;;;;;;;;;
7;40;6;27;07040006_27_M;2015;1;;;;;;;;;;;;;;;;;;;;;;;;;;;;;;;
7;40;6;27;07040006_27_M;2015;2;;;;;;;;;;;;;;;;;;;;;;;;;;;;;;;
7;40;6;27;07040006_27_M;2015;3;;;;;;;;;;;;;;;;;;;;;;;;;;;;;;;
7;40;6;27;07040006_27_M;2015;4;;;;;;;;;;;;;;;;;;;;;;;;;;;;;;;
7;40;6;27;07040006_27_M;2015;5;;;;;;;;;;;;;;;;;;;;;;;;;;;;;;;
7;40;6;27;07040006_27_M;2015;6;;;;;;;;;;;;;;;;;;;;;;;;;;;;;;;
7;40;6;27;07040006_27_M;2015;7;;;;;;;;;;;;;;;;;;;;;;;;;;;;;;;
7;40;6;27;07040006_27_M;2015;8;;;;;;;;0.035;0.035;0.035;;;;;;;;;;;;;;;0.035;0.035;;;;;
7;40;6;27;07040006_27_M;2015;9;;;;;;;;;;;;;;;;;;;;;;;;;;;;;;;
7;40;6;27;07040006_27_M;2015;10;;;;;;;;;;;;;;;;;;;;;;;;;;;;;;;
7;40;6;27;07040006_27_M;2015;11;;;;;;;;;;;;;;;;;;;;;;;;;;;;;;;
7;40;6;27;07040006_27_M;2015;12;;;;;;;;;;;;;;;;;;;;;;;;;;;;;;;
7;54;1;27;07054001_27_M;2015;1;;;;;;;;;;;;;;;;;;;;;;;;;;;;;;;
7;54;1;27;07054001_27_M;2015;2;;;;;;;;;;;;;;;;;;;;;;;;;;;;;;;
7;54;1;27;07054001_27_M;2015;3;;;;;;;;;;;;;;;;;;;;;;;;;0.035;0.035;;;;;
7;54;1;27;07054001_27_M;2015;4;;;;;;;;;;0.035;0.035;0.035;;;;;;;;;;;;;;;;;;;
7;54;1;27;07054001_27_M;2015;5;;;;;;;;;;;;;;;;;;;;;;;;;;;;;;;
7;54;1;27;07054001_27_M;2015;6;;;;;;;;;;;;;;;;;;;;;;;;;;;;;;;
7;54;1;27;07054001_27_M;2015;7;;;;;;;;;;;;;;;;;;;;;;;;;;;;;;;
7;54;1;27;07054001_27_M;2015;8;;;;;;;;;;;;;;;;;;;;;;;;;;;;;;;
7;54;1;27;07054001_27_M;2015;9;;;;;;;;;;;;;;;;;;;;;;;;;;;;;;;
7;54;1;27;07054001_27_M;2015;10;;;;;;;;;;;;;;;;;;;;;;;;;;;;;;;
7;54;1;27;07054001_27_M;2015;11;;;;;;;;;;;;;;;;;;;;;;;;;;;;;;;
7;54;1;27;07054001_27_M;2015;12;;;;;;;;;;;;;;;;;;;;;;;;;;;;;;;
28;79;8;27;28079008_27_M;2015;9;;0.03;;;;0.03;;;;;;;;0.03;;;;;;;;0.07;;;;;;;;0.1;
28;79;8;27;28079008_27_M;2015;11;0.08;;;0.27;;;;;0.28;;;;;;;;0.5;;;;;;;;0.15;;;;;;
28;79;8;27;28079008_27_M;2015;12;;;0.75;;;;;;;;0.43;;;;;;;;0.64;;;;;;;;0.33;;;;
28;79;8;27;28079008_27_M;2015;1;;;;;;0.73;;;;;;;;0.2;;;;;;;;0.39;;;;;;;;0.13;
33;36;999;27;33036999_27_M;2015;3;;;0.0;;;;;;;0.07;;0.07;;0.07;;0.03;;0.03;;;0.03;;;0.03;;0.03;;0.03;;0.09;
33;36;999;27;33036999_27_M;2015;1;;;;0.02;0.15;;;;;;;;0.11;;;;;;;;0.18;;;;;;0.11;;;;
33;36;999;27;33036999_27_M;2015;2;;;;;;0.0;;;;;;;;0.0;;;;;;;;0.0;0.0;;;;;;;;
33;36;999;27;33036999_27_M;2015;4;0.09;;;0.09;;;0.11;;0.11;;;0.11;0.04;;0.04;;0.04;;;;0.18;;0.18;;0.18;;0.11;;;0.11;
33;36;999;27;33036999_27_M;2015;5;;;0.11;;0.0;0.0;;;0.0;;0.0;;0.0;;0.0;;;;0.0;;;0.0;;0.0;0.0;;0.0;;;0.0;
33;36;999;27;33036999_27_M;2015;6;;0.005;;0.005;;;0.005;0.005;;0.005;;0.005;;;;0.0;;;0.0;;0.0;0.0;;0.0;;;0.0;;;0.04;
33;36;999;27;33036999_27_M;2015;7;;0.04;;;0.04;0.0;;;0.0;0.0;;;;0.1;;0.1;;0.1;;0.13;;;0.13;;;0.13;;0.0;;;0.0
33;36;999;27;33036999_27_M;2015;9;;0.0;;;0.0;;;0.005;;0.005;;;0.005;0.0;;;0.0;;0.0;;;0.0;;;0.0;;0.0;0.005;;0.005;
33;36;999;27;33036999_27_M;2015;10;;0.005;;;;0.09;;;0.09;;0.09;0.07;;;0.07;;0.07;;;0.15;;0.15;;0.15;;0.08;;0.08;;0.08;
33;36;999;27;33036999_27_M;2015;11;;;;;;;;;;;;0.1;;;0.1;;0.13;;;0.13;;0.13;0.05;;;0.05;;0.05;;;
33;36;999;27;33036999_27_M;2015;12;;;;;;;;;;;;;;;0.31;;0.31;;;0.31;;;0.2;;0.2;;0.2;;;;
33;36;999;27;33036999_27_M;2015;8;0.0;;0.0;;0.0;;0.0;;;;0.0;;0.0;;;0.0;0.0;;;0.0;;0.0;;;0.0;0.0;;0.0;;;0.0
45;153;999;27;45153999_27_M;2015;12;0.0;;0.0;;;0.0;0.005;;0.005;;0.005;;;;0.005;;0.005;;;0.005;;;0.005;;0.005;;0.005;;0.005;;0.005
45;153;999;27;45153999_27_M;2015;10;;0.0;;;;0.0;;;0.0;;0.0;0.0;;;0.0;;0.0;;;0.0;;0.0;;0.0;;0.0;;0.0;;0.0;
45;153;999;27;45153999_27_M;2015;8;0.0;;0.0;;0.0;;0.0;;;;0.0;;0.0;;;0.0;0.0;;;0.0;;0.0;;;0.0;0.0;;0.0;;;0.0
45;153;999;27;45153999_27_M;2015;11;;;0.0;;0.0;;0.0;;0.0;;;0.0;;;0.0;;0.0;;;0.0;;0.0;0.0;;;0.0;;0.0;;;
45;153;999;27;45153999_27_M;2015;7;0.0;;0.0;;0.0;0.0;;;0.0;0.0;;;;0.0;;0.0;;0.0;;0.0;;;0.0;;;0.0;;0.0;;;0.0
45;153;999;27;45153999_27_M;2015;6;;0.0;;0.0;;;0.0;0.0;;0.0;;0.0;;;;0.0;;;0.0;;0.0;0.0;;0.0;;;0.0;;;;
45;153;999;27;45153999_27_M;2015;9;;0.0;;;0.0;;;0.0;;0.0;;;0.0;0.0;;;0.0;;0.0;;;0.0;;;0.0;;0.0;0.0;;0.0;
45;153;999;27;45153999_27_M;2015;5;;;0.0;;0.0;0.0;;;0.0;;0.0;;0.0;;0.0;;;;0.0;;;0.0;;0.0;0.0;;0.0;;;0.0;
45;153;999;27;45153999_27_M;2015;4;0.005;;;0.005;;;0.0;;0.0;;;0.0;0.0;;0.0;;0.0;;;;0.0;;0.0;;0.0;;0.0;;;0.0;
45;153;999;27;45153999_27_M;2015;3;;0.0;;;0.0;;;0.0;;0.0;;0.0;;0.0;;0.0;;0.0;;;0.0;;;0.02;;0.02;;0.02;;0.005;
45;153;999;27;45153999_27_M;2015;2;0.0;0.0;;0.0;;0.0;;;;0.0;;0.0;;0.0;;;;0.0;;0.0;;0.0;0.0;;0.0;;0.0;;;;
45;153;999;27;45153999_27_M;2015;1;;;;;;;;;;;;0.0;;0.0;;0.0;;;;0.0;;0.0;;0.0;;;;0.0;;0.0;
28;79;8;27;28079008_27_M;2015;3;;;;;0.21;;;;;;;;0.18;;;;0.08;;;;0.31;;;;;;;;0.11;;
28;79;8;27;28079008_27_M;2015;2;;0.12;;;;;0.3;;;;;;;;0.13;;;;;;;;0.11;;;;;;;;
28;79;8;27;28079008_27_M;2015;10;;;;;;;;0.08;;;;;;;;0.16;;;;;;;;0.22;;;;0.03;;;
28;79;8;27;28079008_27_M;2015;4;;;;;;;0.03;;;;;;;;0.09;;;;;;0.06;;;;;;;0.07;;;
28;79;8;27;28079008_27_M;2015;5;0.03;;;;;;;;0.03;;;;;;;;0.03;;;;;;;;0.03;;;;;;
28;79;8;27;28079008_27_M;2015;6;;0.03;;;;;;;;0.03;;;;;;;;0.03;;;;;;;;0.03;;;;0.03;
28;79;8;27;28079008_27_M;2015;7;;;;0.03;;;;;;;;0.01;;;;;;;;0.02;;;;;;;;0.03;;;
28;79;8;27;28079008_27_M;2015;8;;;;;0.03;;;;;;;;0.01;;;;;;;;0.03;;;;;;;;0.01;;
10;37;1;27;10037001_27_M;2015;3;;;;;;;;;;;;0.06;;;;;;;;;;0.01;;;;;;;;;
10;37;1;27;10037001_27_M;2015;4;;;;;;;;;;;;0.01;;;;;;;;;;0.01;;;;;;;;;
10;37;1;27;10037001_27_M;2015;5;;;;;;;;;;;;0.01;;;;;;;;;;0.0;;;;;;;;;
10;37;1;27;10037001_27_M;2015;6;0.0;;;;;;;;;;;;;;;;;;;;;;;;;;;;;;
10;37;1;27;10037001_27_M;2015;7;;;;;;;;;0.0;0.01;;;;;;;;;;;;;;;;;;;;;
10;37;1;27;10037001_27_M;2015;8;;;;;;;;;;;;;;;;;;;;;;;0.0;;;;;;;;
10;37;1;27;10037001_27_M;2015;9;;;;;;;;;;;;;;;;;;;0.01;0.0;;;;;;;;;;;
10;37;1;27;10037001_27_M;2015;10;0.01;;;;;;;;;;;;0.0;;;;;;;;;;;;;;;;;;
10;37;1;27;10037001_27_M;2015;11;;;;;;0.01;;;;;;;;;;0.02;;;;;;;;;;;;;;;
10;37;1;27;10037001_27_M;2015;12;;;;;;;0.03;;;;;;;;;;;;;;;;;;;;;;;;
10;37;1;27;10037001_27_M;2015;2;0.03;;;;;;;;;;;;;;;;0.0;;;;;;;;;;;;;;
6;15;1;27;06015001_27_M;2015;3;;;;;;;;;;;0.04;;;;;;;;;;;0.01;;;;;;;;;
6;15;1;27;06015001_27_M;2015;4;;;;;;;;;;;0.0;;;;;;;;;;;0.01;;;;;;;;;
6;15;1;27;06015001_27_M;2015;5;;;;;;;;;;;0.01;;;;;;;;;;;0.0;;;;;;;;;
6;15;1;27;06015001_27_M;2015;6;0.0;;;;;;;;;;;;;;;;;;;;;;;;;;;;;;
6;15;1;27;06015001_27_M;2015;7;;;;;;;;;;;;;;;0.01;0.01;;;;;;;;;;;;;;;
6;15;1;27;06015001_27_M;2015;8;;;;;;;;;;;0.01;;;;;;;;;;;;;;;;;;;;
6;15;1;27;06015001_27_M;2015;9;;;;;;;;;;;;;;;;;;;0.01;0.01;;;;;;;0.01;;;;
6;15;1;27;06015001_27_M;2015;10;;;;;;;;;;0.01;0.01;;;;;;;;;;;;;;;;;;;;
6;15;1;27;06015001_27_M;2015;11;;;;;;0.01;0.06;;;;;;;;;;;;;;;;;;;;;;;;
6;15;1;27;06015001_27_M;2015;12;;;0.03;;;;;;;;;;;;;;;;;;;;;;;;;;;;
6;15;1;27;06015001_27_M;2015;2;;;;;;;;0.03;;;;;;;;;;;;;;;0.01;;;;;;;;
6;83;1;27;06083001_27_M;2015;3;;;;;;;;;;;;;0.06;;;;;;;;;;0.04;;;;;;;;
6;83;1;27;06083001_27_M;2015;4;;;;;;;;;;;;0.01;;;;;;;;;;;;;0.04;;;;;;
6;83;1;27;06083001_27_M;2015;5;;;;;;;;;;0.01;;;;;;;;;;;;;;;0.03;;;;;;
6;83;1;27;06083001_27_M;2015;6;;;;;;;;;;;;0.01;;;;;;;;;;;;;;;;;;;
6;83;1;27;06083001_27_M;2015;7;;;;;;;;;;;;0.01;;;;;;;;;;0.01;;;;;;;;;
6;83;1;27;06083001_27_M;2015;8;;;;;;;;;;0.01;;;;;;;;;;;;;;;;;;;;;
6;83;1;27;06083001_27_M;2015;9;;0.0;;;;;;;;;;;;;;;;;;;;;;;;;0.01;;;;
6;83;1;27;06083001_27_M;2015;10;;0.0;;;;;;;;;;;;;;;;;;;;;;;;;;;;;
6;83;1;27;06083001_27_M;2015;11;;;;;0.01;;;;;;;;;;;;;;;;;;;;;;;;;;
6;83;1;27;06083001_27_M;2015;12;;;;;;;;;;0.02;;;;;;;;;;0.03;;;;;;;;;;;
6;83;1;27;06083001_27_M;2015;2;;;;;;;;;;;;0.03;;;;;;;;;;0.01;;;;;;;;;
1;59;9;27;01059009_27_M;2015;1;1.41131;;;;0.25221;;;;0.958;;;;0.20772;;;;0.05;;;;0.05;;;;0.05;;;;0.05;;0.05
1;59;9;27;01059009_27_M;2015;2;;0.05;;0.05;;0.05;;;;0.19253;;;;0.05;;;;0.11191;;;;0.05;;;;0.05;;;;;
1;59;9;27;01059009_27_M;2015;3;;0.05;;;;0.27175;;;;0.17382;;;;0.05;;;;0.05;;;;0.05;;;;0.05;;;;0.05;
1;59;9;27;01059009_27_M;2015;5;;;;0.05;;;;0.05;;;;0.05;;;;0.05;;;;0.05;;;;0.05;;;;0.05;;;
1;59;9;27;01059009_27_M;2015;6;;0.05;;;;0.05;;;;0.05;;;;0.05;;;;0.05;;;;;0.05;;;;0.05;;;;
1;59;9;27;01059009_27_M;2015;7;0.05;;;;0.05;;;;0.05;;;;0.05;;;;0.05;;;;0.05;;;;0.05;;;;0.05;;
1;59;9;27;01059009_27_M;2015;10;;0.05;;;;0.05;;;;0.05;;;;0.05;;;;0.05;;;;0.05;;;;0.05;;;;0.05;
1;59;9;27;01059009_27_M;2015;11;;;0.05;;;;0.05;;;;0.05;;;;0.68533;;;;0.33098;;;;0.147;;;;0.05;;;;
48;902;9;27;48902009_27_M;2015;4;;;;;;;;;;;;;;;0.05;;;;;;;;;;;;;;;;
48;902;9;27;48902009_27_M;2015;5;;;;;;;;0.05;;;;0.05;;;;;;;;;;;;;;;;;;;
48;902;9;27;48902009_27_M;2015;6;;0.05;;;;0.05;;;;0.05;;;;;;0.05;;0.05;;;;;0.3939;;;;0.05;;;;
48;902;9;27;48902009_27_M;2015;7;0.05;;;;0.05;;;;0.05;;;;0.05;;;;0.05;;;;0.05;;;;0.05;;;0.05;;;
48;902;9;27;48902009_27_M;2015;8;;;;;;0.05;;;;0.05;;;;0.05;;;;;0.05;;;0.05;;;;0.05;;;;;0.05
48;902;9;27;48902009_27_M;2015;9;;;;;;;;0.05;;;;0.05;;;;0.05;;;;0.05;;;0.05;;;;;;;;
48;902;9;27;48902009_27_M;2015;10;;0.05;;;;0.05;;;;0.05;;;;;0.05;;;0.05;;;;0.05;;;;0.05;;;;;0.05
48;902;9;27;48902009_27_M;2015;11;;;0.05;;;;0.317;;;;0.05;;;;;;0.16295;;0.21138;;;;0.52774;;;;0.05;;;;
48;902;9;27;48902009_27_M;2015;12;;;0.13091;;0.26692;;;;0.11702;;;;0.10856;;;0.05;;;;;0.20355;;;;;;;;;;
20;69;5;27;20069005_27_M;2015;1;0.66567;;;;0.30676;;;;0.32349;;;;0.05;;;;0.05;;;;0.05;;;;0.05;;;;0.05;;0.05
20;69;5;27;20069005_27_M;2015;11;;;0.05;;;;0.05;;;;0.05;;;;0.14361;;;;0.14712;;;;0.31295;;;;0.05;;;;
20;69;5;27;20069005_27_M;2015;3;;0.05;;;;0.05;;;;0.14403;;;;0.05;;;;0.05;;;;0.05;;;;0.05;;;;0.05;
20;69;5;27;20069005_27_M;2015;8;;;;;;;;;;0.05;;;;0.05;;;;0.05;;;;0.05;;;;0.05;;;;;0.05
20;69;5;27;20069005_27_M;2015;9;;;;0.05;;;;0.05;;;;0.05;;;;0.05;0.05;0.05;;;;;;;;;;0.05;;;
20;69;5;27;20069005_27_M;2015;4;;;0.05;;;;0.05;;;;0.05;;;;0.05;;;;0.05;;;;0.05;;;;0.05;;;0.05;
20;69;5;27;20069005_27_M;2015;5;;;;0.05;;;;0.05;;;;0.05;;;;0.05;;;;0.05;;;;0.05;;;;0.05;;;
20;69;5;27;20069005_27_M;2015;7;;;0.05;;0.05;;;;0.05;;;;0.05;;;;0.05;;;;0.05;;;;;;;;;;
1;59;9;27;01059009_27_M;2015;12;0.80354;;;;0.26603;;;;0.22376;;;;0.25333;;;;0.05;;;;0.05;;;;0.1213;;;;0.05;;
20;69;5;27;20069005_27_M;2015;12;0.52293;;;;0.20874;;;;0.11725;;;;0.05;;;;0.05;;;;0.05;;;;0.05;;;;0.10141;;
1;59;9;27;01059009_27_M;2015;9;;;;0.05;;;0.05;;;;0.05;;;;0.05;;;;0.05;;;;;0.05;;;;0.05;;;
48;902;9;27;48902009_27_M;2015;2;;;;;;;;;;;;;;0.17962;;;;;;0.05;;0.05;;;;0.05;;;;;
20;69;5;27;20069005_27_M;2015;2;;0.05;;0.143;;0.21429;;;;0.41042;;;;0.05;;;;0.19794;;;;0.05;;;;0.05;;;;;
1;59;9;27;01059009_27_M;2015;4;;;0.05;;;;0.05;;;;0.05;;;;0.05;;;;0.05;;;;0.05;;;;0.05;;;0.05;
1;59;9;27;01059009_27_M;2015;8;;0.05;;;;0.05;;;;0.05;;;;0.05;;;;0.05;;;;0.05;;;;0.05;;;;;0.05
20;69;5;27;20069005_27_M;2015;6;;0.05;;;;0.05;;;;0.05;;;;0.05;;;;0.05;;;;;0.05;;;;0.05;;;;
20;69;5;27;20069005_27_M;2015;10;;0.05;;;;0.05;;;;0.05;;;;0.05;;;;0.13004;;;0.05;;;;;0.05;;;;0.05;
48;20;6;27;48020006_27_M;2015;11;;;0.05;;;;0.05;;;;0.05;;;;0.166;;;;0.469;;;;;0.206;;;;0.05;;;
48;20;6;27;48020006_27_M;2015;12;0.425;;;;0.285;;;;0.05;;;;0.05;;;;0.05;;;;0.05;;;;0.05;;0.05;;0.05;;
38;38;10;27;38038010_27_M;2015;9;;;;;;;;;;;;0.08652;0.08651;0.08654;0.08653;0.08652;0.08653;0.08651;;;;;;;;;;;;;
38;38;10;27;38038010_27_M;2015;12;;0.08572;0.08572;0.08571;0.08572;0.08574;0.08574;0.09361;;;;;;;;;;;;;;;;;;;;;;;
38;38;26;27;38038026_27_M;2015;7;;;;;;;;;;;;;;;;;;;;;;;;0.08652;0.08653;0.08651;0.08652;0.08651;0.08651;0.08652;
38;38;26;27;38038026_27_M;2015;12;;;;;;;;;;;;;;;0.08572;0.08574;0.08571;0.08572;0.08572;0.08573;0.08574;;;;;;;;;;
27;25;15;27;27025015_27_M;2015;1;;1.03;;;0.26;;0.64;0.27;0.74;;;0.15;0.05;0.05;0.05;0.05;;;0.14;0.05;0.05;0.05;0.63;;;0.21;0.14;0.05;0.05;0.05;
27;25;15;27;27025015_27_M;2015;2;;0.05;0.05;0.05;0.05;0.14;;;0.05;;;;0.05;;;0.05;;0.05;;0.05;;;0.05;0.05;0.05;;0.05;;;;
27;25;15;27;27025015_27_M;2015;3;;;;0.05;0.05;0.47;;;0.37;0.34;0.05;;;;;;;;;;;;;;;;;;;;
27;33;1;27;27033001_27_M;2015;5;;;;;;;;;;;;;;;;0.054;0.054;0.054;0.054;0.054;0.054;0.054;0.054;0.054;0.054;0.054;0.054;0.054;0.054;;
36;38;8;27;36038008_27_M;2015;5;;;;0.05;0.05;0.05;0.05;0.05;;;0.1;0.05;0.05;0.05;0.05;;;0.05;;;;;;;0.05;0.05;0.12;0.05;0.05;;
36;38;8;27;36038008_27_M;2015;6;0.05;0.05;0.1;0.05;;;;0.05;0.05;0.05;0.05;0.05;;;0.05;0.05;0.05;0.05;0.05;;;0.05;0.12;0.11;0.05;0.05;;;0.05;0.05;
36;38;8;27;36038008_27_M;2015;7;0.05;;0.05;;;;;;;;;;;;;;;;;;;;;;;;;;;;
15;70;2;27;15070002_27_M;2015;5;;;;;;;;;;;;;;;;0.054;0.054;0.054;0.054;0.054;0.054;0.054;0.054;0.054;0.054;0.054;0.054;0.054;0.054;;
15;41;1;27;15041001_27_M;2015;5;0.05;;;;;;0.05;0.05;;;0.12;0.05;0.05;0.05;0.05;;;0.05;0.05;0.05;0.05;0.1;;;0.05;0.05;0.05;0.05;0.05;;
15;41;1;27;15041001_27_M;2015;6;;0.05;0.05;0.05;0.05;;;0.15;;;;0.05;;;0.18;;;0.05;0.05;;;0.16;0.98;;0.05;0.05;;;0.15;0.05;
15;41;1;27;15041001_27_M;2015;7;;;0.05;;;0.05;0.05;0.05;0.25;;;;;;;;;0.05;;;;;;;;;;;;;
15;41;1;27;15041001_27_M;2015;11;0.51;;;;;;;;;;;;;;;;;;0.38;0.05;;;1.16;0.21;0.17;0.05;0.25;;;0.38;
15;41;1;27;15041001_27_M;2015;12;;0.19;;1.18;;;0.05;;0.49;;0.59;;;0.05;0.05;0.15;0.05;0.12;;;;;;;;;;;;;
15;30;27;27;15030027_27_M;2015;6;;;;;;;;;;;;;0.05;0.05;0.05;0.05;0.05;0.05;0.05;0.05;0.05;0.05;0.05;1.48;0.27;0.05;0.05;0.05;0.18;0.05;
15;30;27;27;15030027_27_M;2015;7;0.25;0.13;0.11;0.05;0.05;0.13;0.56;0.05;1.0;0.05;0.1;0.05;0.05;0.05;0.05;0.52;0.28;0.76;0.22;0.19;0.15;0.05;0.18;0.18;0.05;1.2;0.05;0.6;0.05;0.05;0.05
15;30;27;27;15030027_27_M;2015;8;0.05;0.68;0.05;0.13;0.18;0.05;0.05;0.05;0.05;0.28;0.05;;;;0.1;0.05;0.05;;;;;;;;;;;;;;
15;41;1;27;15041001_27_M;2015;4;;;;0.05;;0.05;;;;;;;0.13;0.13;0.05;0.05;0.05;;;0.1;;0.05;0.05;0.05;;;0.05;0.05;0.05;0.05;
36;38;8;27;36038008_27_M;2015;4;;;;;;;;;;;;;;;;;;;;0.12;0.05;0.05;0.05;0.05;;;0.05;0.05;0.05;0.05;
15;70;6;27;15070006_27_M;2015;5;;;;;;;;;;;;;;;;0.054;0.054;0.054;0.054;0.054;0.054;0.054;0.054;0.054;0.054;0.054;0.054;0.054;0.054;;
